"site_name","sample_id","sample_date","sample_time","sampled_by","flow","flow_status","medium","Year","DOY","parameter","result_value","unit","constituent","ddl","detection_FLAG"
"BSL1.1","WaDE_1",2023-04-12,9H 30M 0S,"Herndon","Y","F","WS",2023,102,"depth",12.9,"CM","PHYS",NA,"NONE"
"BSL1.1","WaDE_1",2023-04-12,9H 30M 0S,"Herndon","Y","F","WS",2023,102,"SpC",345.3,"uS/CM","CHEM",NA,"NONE"
"BSL1.1","WaDE_1",2023-04-12,9H 30M 0S,"Herndon","Y","F","WS",2023,102,"pH",8.12,"UNITS","CHEM",NA,"NONE"
"BSL1.1","WaDE_1",2023-04-12,9H 30M 0S,"Herndon","Y","F","WS",2023,102,"temp",13.34,"C","CHEM",NA,"NONE"
"BSL1.1","WaDE_1",2023-04-12,9H 30M 0S,"Herndon","Y","F","WS",2023,102,"DOC",0.8594,"MG/L","C",0.1,"NONE"
"BSL1.1","WaDE_1",2023-04-12,9H 30M 0S,"Herndon","Y","F","WS",2023,102,"Mg",0.014,"MG/L","METALS",0.5,"NONE"
"BSL1.1","WaDE_1",2023-04-12,9H 30M 0S,"Herndon","Y","F","WS",2023,102,"Ca",0.05764,"MG/L","METALS",0.5,"NONE"
"BSL1.1","WaDE_1",2023-04-12,9H 30M 0S,"Herndon","Y","F","WS",2023,102,"Cl",7.3058,"MG/L","ANION",0.1,"NONE"
"BSL1.1","WaDE_1",2023-04-12,9H 30M 0S,"Herndon","Y","F","WS",2023,102,"NO3",1.2013,"MG/L","ANION",0.1,"NONE"
"BSL1.1","WaDE_1",2023-04-12,9H 30M 0S,"Herndon","Y","F","WS",2023,102,"PO4",0.05,"MG/L","ANION",0.1,"<"
"BSL1.1","WaDE_1",2023-04-12,9H 30M 0S,"Herndon","Y","F","WS",2023,102,"SO4",7.4388,"MG/L","ANION",0.1,"NONE"
"BSL1.1","WaDE_1",2023-04-12,9H 30M 0S,"Herndon","Y","F","WS",2023,102,"Na",0.004828,"MG/L","METALS",0.04,"NONE"
"BSL1.1","WaDE_1",2023-04-12,9H 30M 0S,"Herndon","Y","F","WS",2023,102,"K",2e-05,"MG/L","METALS",0.04,"<"
"BSL2.1","WaDE_2",2023-04-12,9H 50M 0S,"Herndon","Y","F","WS",2023,102,"depth",17,"CM","PHYS",NA,"NONE"
"BSL2.1","WaDE_2",2023-04-12,9H 50M 0S,"Herndon","Y","F","WS",2023,102,"SpC",326.8,"uS/CM","CHEM",NA,"NONE"
"BSL2.1","WaDE_2",2023-04-12,9H 50M 0S,"Herndon","Y","F","WS",2023,102,"pH",7.82,"UNITS","CHEM",NA,"NONE"
"BSL2.1","WaDE_2",2023-04-12,9H 50M 0S,"Herndon","Y","F","WS",2023,102,"temp",13.94,"C","CHEM",NA,"NONE"
"BSL2.1","WaDE_2",2023-04-12,9H 50M 0S,"Herndon","Y","F","WS",2023,102,"DOC",0.7766,"MG/L","C",0.1,"NONE"
"BSL2.1","WaDE_2",2023-04-12,9H 50M 0S,"Herndon","Y","F","WS",2023,102,"Mg",0.01489,"MG/L","METALS",0.5,"NONE"
"BSL2.1","WaDE_2",2023-04-12,9H 50M 0S,"Herndon","Y","F","WS",2023,102,"Ca",0.05172,"MG/L","METALS",0.5,"NONE"
"BSL2.1","WaDE_2",2023-04-12,9H 50M 0S,"Herndon","Y","F","WS",2023,102,"Cl",5.6994,"MG/L","ANION",0.1,"NONE"
"BSL2.1","WaDE_2",2023-04-12,9H 50M 0S,"Herndon","Y","F","WS",2023,102,"NO3",1.4096,"MG/L","ANION",0.1,"NONE"
"BSL2.1","WaDE_2",2023-04-12,9H 50M 0S,"Herndon","Y","F","WS",2023,102,"PO4",0.05,"MG/L","ANION",0.1,"<"
"BSL2.1","WaDE_2",2023-04-12,9H 50M 0S,"Herndon","Y","F","WS",2023,102,"SO4",5.254,"MG/L","ANION",0.1,"NONE"
"BSL2.1","WaDE_2",2023-04-12,9H 50M 0S,"Herndon","Y","F","WS",2023,102,"Na",2e-05,"MG/L","METALS",0.04,"<"
"BSL2.1","WaDE_2",2023-04-12,9H 50M 0S,"Herndon","Y","F","WS",2023,102,"K",2e-05,"MG/L","METALS",0.04,"<"
"BSL2.2","WaDE_3",2023-04-12,10H 10M 0S,"Herndon","Y","F","WS",2023,102,"depth",31,"CM","PHYS",NA,"NONE"
"BSL2.2","WaDE_3",2023-04-12,10H 10M 0S,"Herndon","Y","F","WS",2023,102,"SpC",426.1,"uS/CM","CHEM",NA,"NONE"
"BSL2.2","WaDE_3",2023-04-12,10H 10M 0S,"Herndon","Y","F","WS",2023,102,"pH",7.78,"UNITS","CHEM",NA,"NONE"
"BSL2.2","WaDE_3",2023-04-12,10H 10M 0S,"Herndon","Y","F","WS",2023,102,"temp",14.5,"C","CHEM",NA,"NONE"
"BSL2.2","WaDE_3",2023-04-12,10H 10M 0S,"Herndon","Y","F","WS",2023,102,"DOC",1.608,"MG/L","C",0.1,"NONE"
"BSL2.2","WaDE_3",2023-04-12,10H 10M 0S,"Herndon","Y","F","WS",2023,102,"Mg",0.00947,"MG/L","METALS",0.5,"NONE"
"BSL2.2","WaDE_3",2023-04-12,10H 10M 0S,"Herndon","Y","F","WS",2023,102,"Ca",0.08133,"MG/L","METALS",0.5,"NONE"
"BSL2.2","WaDE_3",2023-04-12,10H 10M 0S,"Herndon","Y","F","WS",2023,102,"Cl",9.2583,"MG/L","ANION",0.1,"NONE"
"BSL2.2","WaDE_3",2023-04-12,10H 10M 0S,"Herndon","Y","F","WS",2023,102,"NO3",0.7251,"MG/L","ANION",0.1,"NONE"
"BSL2.2","WaDE_3",2023-04-12,10H 10M 0S,"Herndon","Y","F","WS",2023,102,"PO4",0.05,"MG/L","ANION",0.1,"<"
"BSL2.2","WaDE_3",2023-04-12,10H 10M 0S,"Herndon","Y","F","WS",2023,102,"SO4",12.6869,"MG/L","ANION",0.1,"NONE"
"BSL2.2","WaDE_3",2023-04-12,10H 10M 0S,"Herndon","Y","F","WS",2023,102,"Na",0.006371,"MG/L","METALS",0.04,"NONE"
"BSL2.2","WaDE_3",2023-04-12,10H 10M 0S,"Herndon","Y","F","WS",2023,102,"K",2e-05,"MG/L","METALS",0.04,"<"
"Bissell_D","WaDE_4",2023-04-12,10H 25M 0S,"Herndon","Y","F","WS",2023,102,"depth",2.5,"CM","PHYS",NA,"NONE"
"Bissell_D","WaDE_4",2023-04-12,10H 25M 0S,"Herndon","Y","F","WS",2023,102,"SpC",427.2,"uS/CM","CHEM",NA,"NONE"
"Bissell_D","WaDE_4",2023-04-12,10H 25M 0S,"Herndon","Y","F","WS",2023,102,"pH",7.59,"UNITS","CHEM",NA,"NONE"
"Bissell_D","WaDE_4",2023-04-12,10H 25M 0S,"Herndon","Y","F","WS",2023,102,"temp",13.85,"C","CHEM",NA,"NONE"
"Bissell_D","WaDE_4",2023-04-12,10H 25M 0S,"Herndon","Y","F","WS",2023,102,"DOC",1.48,"MG/L","C",0.1,"NONE"
"Bissell_D","WaDE_4",2023-04-12,10H 25M 0S,"Herndon","Y","F","WS",2023,102,"Mg",0.00931,"MG/L","METALS",0.5,"NONE"
"Bissell_D","WaDE_4",2023-04-12,10H 25M 0S,"Herndon","Y","F","WS",2023,102,"Ca",0.07944,"MG/L","METALS",0.5,"NONE"
"Bissell_D","WaDE_4",2023-04-12,10H 25M 0S,"Herndon","Y","F","WS",2023,102,"Cl",9.7036,"MG/L","ANION",0.1,"NONE"
"Bissell_D","WaDE_4",2023-04-12,10H 25M 0S,"Herndon","Y","F","WS",2023,102,"NO3",0.637,"MG/L","ANION",0.1,"NONE"
"Bissell_D","WaDE_4",2023-04-12,10H 25M 0S,"Herndon","Y","F","WS",2023,102,"PO4",0.05,"MG/L","ANION",0.1,"<"
"Bissell_D","WaDE_4",2023-04-12,10H 25M 0S,"Herndon","Y","F","WS",2023,102,"SO4",12.4737,"MG/L","ANION",0.1,"NONE"
"Bissell_D","WaDE_4",2023-04-12,10H 25M 0S,"Herndon","Y","F","WS",2023,102,"Na",0.006687,"MG/L","METALS",0.04,"NONE"
"Bissell_D","WaDE_4",2023-04-12,10H 25M 0S,"Herndon","Y","F","WS",2023,102,"K",2e-05,"MG/L","METALS",0.04,"<"
"BSL3.1","WaDE_5",2023-04-12,10H 45M 0S,"Herndon","Y","F","WS",2023,102,"depth",9.1,"CM","PHYS",NA,"NONE"
"BSL3.1","WaDE_5",2023-04-12,10H 45M 0S,"Herndon","Y","F","WS",2023,102,"SpC",314.9,"uS/CM","CHEM",NA,"NONE"
"BSL3.1","WaDE_5",2023-04-12,10H 45M 0S,"Herndon","Y","F","WS",2023,102,"pH",7.45,"UNITS","CHEM",NA,"NONE"
"BSL3.1","WaDE_5",2023-04-12,10H 45M 0S,"Herndon","Y","F","WS",2023,102,"temp",15.21,"C","CHEM",NA,"NONE"
"BSL3.1","WaDE_5",2023-04-12,10H 45M 0S,"Herndon","Y","F","WS",2023,102,"DOC",0.495,"MG/L","C",0.1,"NONE"
"BSL3.1","WaDE_5",2023-04-12,10H 45M 0S,"Herndon","Y","F","WS",2023,102,"Mg",0.01555,"MG/L","METALS",0.5,"NONE"
"BSL3.1","WaDE_5",2023-04-12,10H 45M 0S,"Herndon","Y","F","WS",2023,102,"Ca",0.04819,"MG/L","METALS",0.5,"NONE"
"BSL3.1","WaDE_5",2023-04-12,10H 45M 0S,"Herndon","Y","F","WS",2023,102,"Cl",5.3524,"MG/L","ANION",0.1,"NONE"
"BSL3.1","WaDE_5",2023-04-12,10H 45M 0S,"Herndon","Y","F","WS",2023,102,"NO3",1.5205,"MG/L","ANION",0.1,"NONE"
"BSL3.1","WaDE_5",2023-04-12,10H 45M 0S,"Herndon","Y","F","WS",2023,102,"PO4",0.05,"MG/L","ANION",0.1,"<"
"BSL3.1","WaDE_5",2023-04-12,10H 45M 0S,"Herndon","Y","F","WS",2023,102,"SO4",4.3912,"MG/L","ANION",0.1,"NONE"
"BSL3.1","WaDE_5",2023-04-12,10H 45M 0S,"Herndon","Y","F","WS",2023,102,"Na",2e-05,"MG/L","METALS",0.04,"<"
"BSL3.1","WaDE_5",2023-04-12,10H 45M 0S,"Herndon","Y","F","WS",2023,102,"K",2e-05,"MG/L","METALS",0.04,"<"
"BSL3.3","WaDE_6",2023-04-12,10H 55M 0S,"Herndon","Y","F","WS",2023,102,"depth",10.5,"CM","PHYS",NA,"NONE"
"BSL3.3","WaDE_6",2023-04-12,10H 55M 0S,"Herndon","Y","F","WS",2023,102,"SpC",301.9,"uS/CM","CHEM",NA,"NONE"
"BSL3.3","WaDE_6",2023-04-12,10H 55M 0S,"Herndon","Y","F","WS",2023,102,"pH",7.35,"UNITS","CHEM",NA,"NONE"
"BSL3.3","WaDE_6",2023-04-12,10H 55M 0S,"Herndon","Y","F","WS",2023,102,"temp",15.18,"C","CHEM",NA,"NONE"
"BSL3.3","WaDE_6",2023-04-12,10H 55M 0S,"Herndon","Y","F","WS",2023,102,"DOC",0.4118,"MG/L","C",0.1,"NONE"
"BSL3.3","WaDE_6",2023-04-12,10H 55M 0S,"Herndon","Y","F","WS",2023,102,"Mg",0.01571,"MG/L","METALS",0.5,"NONE"
"BSL3.3","WaDE_6",2023-04-12,10H 55M 0S,"Herndon","Y","F","WS",2023,102,"Ca",0.04324,"MG/L","METALS",0.5,"NONE"
"BSL3.3","WaDE_6",2023-04-12,10H 55M 0S,"Herndon","Y","F","WS",2023,102,"Cl",5.0223,"MG/L","ANION",0.1,"NONE"
"BSL3.3","WaDE_6",2023-04-12,10H 55M 0S,"Herndon","Y","F","WS",2023,102,"NO3",1.5248,"MG/L","ANION",0.1,"NONE"
"BSL3.3","WaDE_6",2023-04-12,10H 55M 0S,"Herndon","Y","F","WS",2023,102,"PO4",0.05,"MG/L","ANION",0.1,"<"
"BSL3.3","WaDE_6",2023-04-12,10H 55M 0S,"Herndon","Y","F","WS",2023,102,"SO4",3.7949,"MG/L","ANION",0.1,"NONE"
"BSL3.3","WaDE_6",2023-04-12,10H 55M 0S,"Herndon","Y","F","WS",2023,102,"Na",2e-05,"MG/L","METALS",0.04,"<"
"BSL3.3","WaDE_6",2023-04-12,10H 55M 0S,"Herndon","Y","F","WS",2023,102,"K",2e-05,"MG/L","METALS",0.04,"<"
"BSL3.2","WaDE_7",2023-04-12,11H 0M 0S,"Herndon","Y","F","WS",2023,102,"depth",9.4,"CM","PHYS",NA,"NONE"
"BSL3.2","WaDE_7",2023-04-12,11H 0M 0S,"Herndon","Y","F","WS",2023,102,"SpC",349.8,"uS/CM","CHEM",NA,"NONE"
"BSL3.2","WaDE_7",2023-04-12,11H 0M 0S,"Herndon","Y","F","WS",2023,102,"pH",7.65,"UNITS","CHEM",NA,"NONE"
"BSL3.2","WaDE_7",2023-04-12,11H 0M 0S,"Herndon","Y","F","WS",2023,102,"temp",15.45,"C","CHEM",NA,"NONE"
"BSL3.2","WaDE_7",2023-04-12,11H 0M 0S,"Herndon","Y","F","WS",2023,102,"DOC",0.6363,"MG/L","C",0.1,"NONE"
"BSL3.2","WaDE_7",2023-04-12,11H 0M 0S,"Herndon","Y","F","WS",2023,102,"Mg",0.01482,"MG/L","METALS",0.5,"NONE"
"BSL3.2","WaDE_7",2023-04-12,11H 0M 0S,"Herndon","Y","F","WS",2023,102,"Ca",0.05723,"MG/L","METALS",0.5,"NONE"
"BSL3.2","WaDE_7",2023-04-12,11H 0M 0S,"Herndon","Y","F","WS",2023,102,"Cl",6.1575,"MG/L","ANION",0.1,"NONE"
"BSL3.2","WaDE_7",2023-04-12,11H 0M 0S,"Herndon","Y","F","WS",2023,102,"NO3",1.5027,"MG/L","ANION",0.1,"NONE"
"BSL3.2","WaDE_7",2023-04-12,11H 0M 0S,"Herndon","Y","F","WS",2023,102,"PO4",0.05,"MG/L","ANION",0.1,"<"
"BSL3.2","WaDE_7",2023-04-12,11H 0M 0S,"Herndon","Y","F","WS",2023,102,"SO4",6.1518,"MG/L","ANION",0.1,"NONE"
"BSL3.2","WaDE_7",2023-04-12,11H 0M 0S,"Herndon","Y","F","WS",2023,102,"Na",2e-05,"MG/L","METALS",0.04,"<"
"BSL3.2","WaDE_7",2023-04-12,11H 0M 0S,"Herndon","Y","F","WS",2023,102,"K",2e-05,"MG/L","METALS",0.04,"<"
"BSL4.1","WaDE_8",2023-04-12,11H 30M 0S,"Herndon","N","P","WS",2023,102,"depth",NA,"CM","PHYS",NA,"NONE"
"BSL4.1","WaDE_8",2023-04-12,11H 30M 0S,"Herndon","N","P","WS",2023,102,"SpC",674.2,"uS/CM","CHEM",NA,"NONE"
"BSL4.1","WaDE_8",2023-04-12,11H 30M 0S,"Herndon","N","P","WS",2023,102,"pH",7,"UNITS","CHEM",NA,"NONE"
"BSL4.1","WaDE_8",2023-04-12,11H 30M 0S,"Herndon","N","P","WS",2023,102,"temp",12.68,"C","CHEM",NA,"NONE"
"BSL4.1","WaDE_8",2023-04-12,11H 30M 0S,"Herndon","N","P","WS",2023,102,"DOC",2.024,"MG/L","C",0.1,"NONE"
"BSL4.1","WaDE_8",2023-04-12,11H 30M 0S,"Herndon","N","P","WS",2023,102,"Mg",0.01785,"MG/L","METALS",0.5,"NONE"
"BSL4.1","WaDE_8",2023-04-12,11H 30M 0S,"Herndon","N","P","WS",2023,102,"Ca",0.121684,"MG/L","METALS",0.5,"NONE"
"BSL4.1","WaDE_8",2023-04-12,11H 30M 0S,"Herndon","N","P","WS",2023,102,"Cl",18.4334,"MG/L","ANION",0.1,"NONE"
"BSL4.1","WaDE_8",2023-04-12,11H 30M 0S,"Herndon","N","P","WS",2023,102,"NO3",0.05,"MG/L","ANION",0.1,"<"
"BSL4.1","WaDE_8",2023-04-12,11H 30M 0S,"Herndon","N","P","WS",2023,102,"PO4",0.05,"MG/L","ANION",0.1,"<"
"BSL4.1","WaDE_8",2023-04-12,11H 30M 0S,"Herndon","N","P","WS",2023,102,"SO4",18.2351,"MG/L","ANION",0.1,"NONE"
"BSL4.1","WaDE_8",2023-04-12,11H 30M 0S,"Herndon","N","P","WS",2023,102,"Na",0.011837,"MG/L","METALS",0.04,"NONE"
"BSL4.1","WaDE_8",2023-04-12,11H 30M 0S,"Herndon","N","P","WS",2023,102,"K",0.001331,"MG/L","METALS",0.04,"NONE"
"Lawton_AF","WaDE_9",2023-04-12,12H 12M 0S,"Herndon","Y","F","WS",2023,102,"depth",10,"CM","PHYS",NA,"NONE"
"Lawton_AF","WaDE_9",2023-04-12,12H 12M 0S,"Herndon","Y","F","WS",2023,102,"SpC",428.2,"uS/CM","CHEM",NA,"NONE"
"Lawton_AF","WaDE_9",2023-04-12,12H 12M 0S,"Herndon","Y","F","WS",2023,102,"pH",7.62,"UNITS","CHEM",NA,"NONE"
"Lawton_AF","WaDE_9",2023-04-12,12H 12M 0S,"Herndon","Y","F","WS",2023,102,"temp",14.35,"C","CHEM",NA,"NONE"
"Lawton_AF","WaDE_9",2023-04-12,12H 12M 0S,"Herndon","Y","F","WS",2023,102,"DOC",1.406,"MG/L","C",0.1,"NONE"
"Lawton_AF","WaDE_9",2023-04-12,12H 12M 0S,"Herndon","Y","F","WS",2023,102,"Mg",0.006358,"MG/L","METALS",0.5,"NONE"
"Lawton_AF","WaDE_9",2023-04-12,12H 12M 0S,"Herndon","Y","F","WS",2023,102,"Ca",0.091706,"MG/L","METALS",0.5,"NONE"
"Lawton_AF","WaDE_9",2023-04-12,12H 12M 0S,"Herndon","Y","F","WS",2023,102,"Cl",4.8662,"MG/L","ANION",0.1,"NONE"
"Lawton_AF","WaDE_9",2023-04-12,12H 12M 0S,"Herndon","Y","F","WS",2023,102,"NO3",0.7256,"MG/L","ANION",0.1,"NONE"
"Lawton_AF","WaDE_9",2023-04-12,12H 12M 0S,"Herndon","Y","F","WS",2023,102,"PO4",0.05,"MG/L","ANION",0.1,"<"
"Lawton_AF","WaDE_9",2023-04-12,12H 12M 0S,"Herndon","Y","F","WS",2023,102,"SO4",13.5111,"MG/L","ANION",0.1,"NONE"
"Lawton_AF","WaDE_9",2023-04-12,12H 12M 0S,"Herndon","Y","F","WS",2023,102,"Na",2e-05,"MG/L","METALS",0.04,"<"
"Lawton_AF","WaDE_9",2023-04-12,12H 12M 0S,"Herndon","Y","F","WS",2023,102,"K",2e-05,"MG/L","METALS",0.04,"<"
"MCA3.3","WaDE_10",2023-04-12,12H 47M 0S,"Herndon","Y","F","WS",2023,102,"depth",7.5,"CM","PHYS",NA,"NONE"
"MCA3.3","WaDE_10",2023-04-12,12H 47M 0S,"Herndon","Y","F","WS",2023,102,"SpC",79.59,"uS/CM","CHEM",NA,"NONE"
"MCA3.3","WaDE_10",2023-04-12,12H 47M 0S,"Herndon","Y","F","WS",2023,102,"pH",6.46,"UNITS","CHEM",NA,"NONE"
"MCA3.3","WaDE_10",2023-04-12,12H 47M 0S,"Herndon","Y","F","WS",2023,102,"temp",13.74,"C","CHEM",NA,"NONE"
"MCA3.3","WaDE_10",2023-04-12,12H 47M 0S,"Herndon","Y","F","WS",2023,102,"DOC",0.6924,"MG/L","C",0.1,"NONE"
"MCA3.3","WaDE_10",2023-04-12,12H 47M 0S,"Herndon","Y","F","WS",2023,102,"Mg",0.003004,"MG/L","METALS",0.5,"NONE"
"MCA3.3","WaDE_10",2023-04-12,12H 47M 0S,"Herndon","Y","F","WS",2023,102,"Ca",0.009716,"MG/L","METALS",0.5,"NONE"
"MCA3.3","WaDE_10",2023-04-12,12H 47M 0S,"Herndon","Y","F","WS",2023,102,"Cl",4.8357,"MG/L","ANION",0.1,"NONE"
"MCA3.3","WaDE_10",2023-04-12,12H 47M 0S,"Herndon","Y","F","WS",2023,102,"NO3",0.6863,"MG/L","ANION",0.1,"NONE"
"MCA3.3","WaDE_10",2023-04-12,12H 47M 0S,"Herndon","Y","F","WS",2023,102,"PO4",0.05,"MG/L","ANION",0.1,"<"
"MCA3.3","WaDE_10",2023-04-12,12H 47M 0S,"Herndon","Y","F","WS",2023,102,"SO4",7.2763,"MG/L","ANION",0.1,"NONE"
"MCA3.3","WaDE_10",2023-04-12,12H 47M 0S,"Herndon","Y","F","WS",2023,102,"Na",2e-05,"MG/L","METALS",0.04,"<"
"MCA3.3","WaDE_10",2023-04-12,12H 47M 0S,"Herndon","Y","F","WS",2023,102,"K",2e-05,"MG/L","METALS",0.04,"<"
"MCA3.1","WaDE_11",2023-04-12,13H 13M 0S,"Herndon","Y","F","WS",2023,102,"depth",12.5,"CM","PHYS",NA,"NONE"
"MCA3.1","WaDE_11",2023-04-12,13H 13M 0S,"Herndon","Y","F","WS",2023,102,"SpC",191.1,"uS/CM","CHEM",NA,"NONE"
"MCA3.1","WaDE_11",2023-04-12,13H 13M 0S,"Herndon","Y","F","WS",2023,102,"pH",7.29,"UNITS","CHEM",NA,"NONE"
"MCA3.1","WaDE_11",2023-04-12,13H 13M 0S,"Herndon","Y","F","WS",2023,102,"temp",15,"C","CHEM",NA,"NONE"
"MCA3.1","WaDE_11",2023-04-12,13H 13M 0S,"Herndon","Y","F","WS",2023,102,"DOC",0.7631,"MG/L","C",0.1,"NONE"
"MCA3.1","WaDE_11",2023-04-12,13H 13M 0S,"Herndon","Y","F","WS",2023,102,"Mg",0.00874,"MG/L","METALS",0.5,"NONE"
"MCA3.1","WaDE_11",2023-04-12,13H 13M 0S,"Herndon","Y","F","WS",2023,102,"Ca",0.026603,"MG/L","METALS",0.5,"NONE"
"MCA3.1","WaDE_11",2023-04-12,13H 13M 0S,"Herndon","Y","F","WS",2023,102,"Cl",5.2599,"MG/L","ANION",0.1,"NONE"
"MCA3.1","WaDE_11",2023-04-12,13H 13M 0S,"Herndon","Y","F","WS",2023,102,"NO3",0.5576,"MG/L","ANION",0.1,"NONE"
"MCA3.1","WaDE_11",2023-04-12,13H 13M 0S,"Herndon","Y","F","WS",2023,102,"PO4",0.05,"MG/L","ANION",0.1,"<"
"MCA3.1","WaDE_11",2023-04-12,13H 13M 0S,"Herndon","Y","F","WS",2023,102,"SO4",5.3987,"MG/L","ANION",0.1,"NONE"
"MCA3.1","WaDE_11",2023-04-12,13H 13M 0S,"Herndon","Y","F","WS",2023,102,"Na",2e-05,"MG/L","METALS",0.04,"<"
"MCA3.1","WaDE_11",2023-04-12,13H 13M 0S,"Herndon","Y","F","WS",2023,102,"K",2e-05,"MG/L","METALS",0.04,"<"
"MCA2.1","WaDE_12",2023-04-12,13H 37M 0S,"Herndon","Y","F","WS",2023,102,"depth",5,"CM","PHYS",NA,"NONE"
"MCA2.1","WaDE_12",2023-04-12,13H 37M 0S,"Herndon","Y","F","WS",2023,102,"SpC",175.3,"uS/CM","CHEM",NA,"NONE"
"MCA2.1","WaDE_12",2023-04-12,13H 37M 0S,"Herndon","Y","F","WS",2023,102,"pH",8.49,"UNITS","CHEM",NA,"NONE"
"MCA2.1","WaDE_12",2023-04-12,13H 37M 0S,"Herndon","Y","F","WS",2023,102,"temp",18.05,"C","CHEM",NA,"NONE"
"MCA2.1","WaDE_12",2023-04-12,13H 37M 0S,"Herndon","Y","F","WS",2023,102,"DOC",1.041,"MG/L","C",0.1,"NONE"
"MCA2.1","WaDE_12",2023-04-12,13H 37M 0S,"Herndon","Y","F","WS",2023,102,"Mg",0.0082,"MG/L","METALS",0.5,"NONE"
"MCA2.1","WaDE_12",2023-04-12,13H 37M 0S,"Herndon","Y","F","WS",2023,102,"Ca",0.02568,"MG/L","METALS",0.5,"NONE"
"MCA2.1","WaDE_12",2023-04-12,13H 37M 0S,"Herndon","Y","F","WS",2023,102,"Cl",3.9986,"MG/L","ANION",0.1,"NONE"
"MCA2.1","WaDE_12",2023-04-12,13H 37M 0S,"Herndon","Y","F","WS",2023,102,"NO3",0.4799,"MG/L","ANION",0.1,"NONE"
"MCA2.1","WaDE_12",2023-04-12,13H 37M 0S,"Herndon","Y","F","WS",2023,102,"PO4",0.05,"MG/L","ANION",0.1,"<"
"MCA2.1","WaDE_12",2023-04-12,13H 37M 0S,"Herndon","Y","F","WS",2023,102,"SO4",3.2125,"MG/L","ANION",0.1,"NONE"
"MCA2.1","WaDE_12",2023-04-12,13H 37M 0S,"Herndon","Y","F","WS",2023,102,"Na",2e-05,"MG/L","METALS",0.04,"<"
"MCA2.1","WaDE_12",2023-04-12,13H 37M 0S,"Herndon","Y","F","WS",2023,102,"K",2e-05,"MG/L","METALS",0.04,"<"
"MCA1","WaDE_13",2023-04-12,13H 57M 0S,"Herndon","Y","F","WS",2023,102,"depth",30,"CM","PHYS",NA,"NONE"
"MCA1","WaDE_13",2023-04-12,13H 57M 0S,"Herndon","Y","F","WS",2023,102,"SpC",307.3,"uS/CM","CHEM",NA,"NONE"
"MCA1","WaDE_13",2023-04-12,13H 57M 0S,"Herndon","Y","F","WS",2023,102,"pH",7.56,"UNITS","CHEM",NA,"NONE"
"MCA1","WaDE_13",2023-04-12,13H 57M 0S,"Herndon","Y","F","WS",2023,102,"temp",15.41,"C","CHEM",NA,"NONE"
"MCA1","WaDE_13",2023-04-12,13H 57M 0S,"Herndon","Y","F","WS",2023,102,"DOC",0.6959,"MG/L","C",0.1,"NONE"
"MCA1","WaDE_13",2023-04-12,13H 57M 0S,"Herndon","Y","F","WS",2023,102,"Mg",0.009713,"MG/L","METALS",0.5,"NONE"
"MCA1","WaDE_13",2023-04-12,13H 57M 0S,"Herndon","Y","F","WS",2023,102,"Ca",0.054031,"MG/L","METALS",0.5,"NONE"
"MCA1","WaDE_13",2023-04-12,13H 57M 0S,"Herndon","Y","F","WS",2023,102,"Cl",4.7538,"MG/L","ANION",0.1,"NONE"
"MCA1","WaDE_13",2023-04-12,13H 57M 0S,"Herndon","Y","F","WS",2023,102,"NO3",1.0252,"MG/L","ANION",0.1,"NONE"
"MCA1","WaDE_13",2023-04-12,13H 57M 0S,"Herndon","Y","F","WS",2023,102,"PO4",0.05,"MG/L","ANION",0.1,"<"
"MCA1","WaDE_13",2023-04-12,13H 57M 0S,"Herndon","Y","F","WS",2023,102,"SO4",4.8719,"MG/L","ANION",0.1,"NONE"
"MCA1","WaDE_13",2023-04-12,13H 57M 0S,"Herndon","Y","F","WS",2023,102,"Na",2e-05,"MG/L","METALS",0.04,"<"
"MCA1","WaDE_13",2023-04-12,13H 57M 0S,"Herndon","Y","F","WS",2023,102,"K",2e-05,"MG/L","METALS",0.04,"<"
"Tuskegee_BO","WaDE_14",2023-04-12,14H 36M 0S,"Herndon","Y","F","WS",2023,102,"depth",30,"CM","PHYS",NA,"NONE"
"Tuskegee_BO","WaDE_14",2023-04-12,14H 36M 0S,"Herndon","Y","F","WS",2023,102,"SpC",91.65,"uS/CM","CHEM",NA,"NONE"
"Tuskegee_BO","WaDE_14",2023-04-12,14H 36M 0S,"Herndon","Y","F","WS",2023,102,"pH",7.67,"UNITS","CHEM",NA,"NONE"
"Tuskegee_BO","WaDE_14",2023-04-12,14H 36M 0S,"Herndon","Y","F","WS",2023,102,"temp",15.94,"C","CHEM",NA,"NONE"
"Tuskegee_BO","WaDE_14",2023-04-12,14H 36M 0S,"Herndon","Y","F","WS",2023,102,"DOC",9.577,"MG/L","C",0.1,"NONE"
"Tuskegee_BO","WaDE_14",2023-04-12,14H 36M 0S,"Herndon","Y","F","WS",2023,102,"Mg",0.004673,"MG/L","METALS",0.5,"NONE"
"Tuskegee_BO","WaDE_14",2023-04-12,14H 36M 0S,"Herndon","Y","F","WS",2023,102,"Ca",0.011469,"MG/L","METALS",0.5,"NONE"
"Tuskegee_BO","WaDE_14",2023-04-12,14H 36M 0S,"Herndon","Y","F","WS",2023,102,"Cl",1.8785,"MG/L","ANION",0.1,"NONE"
"Tuskegee_BO","WaDE_14",2023-04-12,14H 36M 0S,"Herndon","Y","F","WS",2023,102,"NO3",0.05,"MG/L","ANION",0.1,"<"
"Tuskegee_BO","WaDE_14",2023-04-12,14H 36M 0S,"Herndon","Y","F","WS",2023,102,"PO4",0.05,"MG/L","ANION",0.1,"<"
"Tuskegee_BO","WaDE_14",2023-04-12,14H 36M 0S,"Herndon","Y","F","WS",2023,102,"SO4",7.973,"MG/L","ANION",0.1,"NONE"
"Tuskegee_BO","WaDE_14",2023-04-12,14H 36M 0S,"Herndon","Y","F","WS",2023,102,"Na",2e-05,"MG/L","METALS",0.04,"<"
"Tuskegee_BO","WaDE_14",2023-04-12,14H 36M 0S,"Herndon","Y","F","WS",2023,102,"K",2e-05,"MG/L","METALS",0.04,"<"
"Tuskegee_BP","WaDE_15",2023-04-12,14H 54M 0S,"Herndon","Y","F","WS",2023,102,"depth",20,"CM","PHYS",NA,"NONE"
"Tuskegee_BP","WaDE_15",2023-04-12,14H 54M 0S,"Herndon","Y","F","WS",2023,102,"SpC",186,"uS/CM","CHEM",NA,"NONE"
"Tuskegee_BP","WaDE_15",2023-04-12,14H 54M 0S,"Herndon","Y","F","WS",2023,102,"pH",8.36,"UNITS","CHEM",NA,"NONE"
"Tuskegee_BP","WaDE_15",2023-04-12,14H 54M 0S,"Herndon","Y","F","WS",2023,102,"temp",17.27,"C","CHEM",NA,"NONE"
"Tuskegee_BP","WaDE_15",2023-04-12,14H 54M 0S,"Herndon","Y","F","WS",2023,102,"DOC",1.099,"MG/L","C",0.1,"NONE"
"Tuskegee_BP","WaDE_15",2023-04-12,14H 54M 0S,"Herndon","Y","F","WS",2023,102,"Mg",0.006562,"MG/L","METALS",0.5,"NONE"
"Tuskegee_BP","WaDE_15",2023-04-12,14H 54M 0S,"Herndon","Y","F","WS",2023,102,"Ca",0.030146,"MG/L","METALS",0.5,"NONE"
"Tuskegee_BP","WaDE_15",2023-04-12,14H 54M 0S,"Herndon","Y","F","WS",2023,102,"Cl",2.2343,"MG/L","ANION",0.1,"NONE"
"Tuskegee_BP","WaDE_15",2023-04-12,14H 54M 0S,"Herndon","Y","F","WS",2023,102,"NO3",0.05,"MG/L","ANION",0.1,"<"
"Tuskegee_BP","WaDE_15",2023-04-12,14H 54M 0S,"Herndon","Y","F","WS",2023,102,"PO4",0.05,"MG/L","ANION",0.1,"<"
"Tuskegee_BP","WaDE_15",2023-04-12,14H 54M 0S,"Herndon","Y","F","WS",2023,102,"SO4",10.2835,"MG/L","ANION",0.1,"NONE"
"Tuskegee_BP","WaDE_15",2023-04-12,14H 54M 0S,"Herndon","Y","F","WS",2023,102,"Na",0.0058,"MG/L","METALS",0.04,"NONE"
"Tuskegee_BP","WaDE_15",2023-04-12,14H 54M 0S,"Herndon","Y","F","WS",2023,102,"K",0.002198,"MG/L","METALS",0.04,"NONE"
"Tuskegee_BP_trib","WaDE_16",2023-04-12,15H 21M 0S,"Herndon","Y","F","WS",2023,102,"depth",40,"CM","PHYS",NA,"NONE"
"Tuskegee_BP_trib","WaDE_16",2023-04-12,15H 21M 0S,"Herndon","Y","F","WS",2023,102,"SpC",32.02,"uS/CM","CHEM",NA,"NONE"
"Tuskegee_BP_trib","WaDE_16",2023-04-12,15H 21M 0S,"Herndon","Y","F","WS",2023,102,"pH",7.01,"UNITS","CHEM",NA,"NONE"
"Tuskegee_BP_trib","WaDE_16",2023-04-12,15H 21M 0S,"Herndon","Y","F","WS",2023,102,"temp",17.13,"C","CHEM",NA,"NONE"
"Tuskegee_BP_trib","WaDE_16",2023-04-12,15H 21M 0S,"Herndon","Y","F","WS",2023,102,"DOC",1.432,"MG/L","C",0.1,"NONE"
"Tuskegee_BP_trib","WaDE_16",2023-04-12,15H 21M 0S,"Herndon","Y","F","WS",2023,102,"Mg",0.001734,"MG/L","METALS",0.5,"NONE"
"Tuskegee_BP_trib","WaDE_16",2023-04-12,15H 21M 0S,"Herndon","Y","F","WS",2023,102,"Ca",0.002342,"MG/L","METALS",0.5,"NONE"
"Tuskegee_BP_trib","WaDE_16",2023-04-12,15H 21M 0S,"Herndon","Y","F","WS",2023,102,"Cl",1.7853,"MG/L","ANION",0.1,"NONE"
"Tuskegee_BP_trib","WaDE_16",2023-04-12,15H 21M 0S,"Herndon","Y","F","WS",2023,102,"NO3",0.05,"MG/L","ANION",0.1,"<"
"Tuskegee_BP_trib","WaDE_16",2023-04-12,15H 21M 0S,"Herndon","Y","F","WS",2023,102,"PO4",0.05,"MG/L","ANION",0.1,"<"
"Tuskegee_BP_trib","WaDE_16",2023-04-12,15H 21M 0S,"Herndon","Y","F","WS",2023,102,"SO4",5.0341,"MG/L","ANION",0.1,"NONE"
"Tuskegee_BP_trib","WaDE_16",2023-04-12,15H 21M 0S,"Herndon","Y","F","WS",2023,102,"Na",2e-05,"MG/L","METALS",0.04,"<"
"Tuskegee_BP_trib","WaDE_16",2023-04-12,15H 21M 0S,"Herndon","Y","F","WS",2023,102,"K",2e-05,"MG/L","METALS",0.04,"<"
"MTN4","WaDE_17",2023-04-12,15H 52M 0S,"Herndon","Y","F","WS",2023,102,"depth",7.5,"CM","PHYS",NA,"NONE"
"MTN4","WaDE_17",2023-04-12,15H 52M 0S,"Herndon","Y","F","WS",2023,102,"SpC",147.4,"uS/CM","CHEM",NA,"NONE"
"MTN4","WaDE_17",2023-04-12,15H 52M 0S,"Herndon","Y","F","WS",2023,102,"pH",7.63,"UNITS","CHEM",NA,"NONE"
"MTN4","WaDE_17",2023-04-12,15H 52M 0S,"Herndon","Y","F","WS",2023,102,"temp",15.79,"C","CHEM",NA,"NONE"
"MTN4","WaDE_17",2023-04-12,15H 52M 0S,"Herndon","Y","F","WS",2023,102,"DOC",0.567,"MG/L","C",0.1,"NONE"
"MTN4","WaDE_17",2023-04-12,15H 52M 0S,"Herndon","Y","F","WS",2023,102,"Mg",0.008963,"MG/L","METALS",0.5,"NONE"
"MTN4","WaDE_17",2023-04-12,15H 52M 0S,"Herndon","Y","F","WS",2023,102,"Ca",0.017174,"MG/L","METALS",0.5,"NONE"
"MTN4","WaDE_17",2023-04-12,15H 52M 0S,"Herndon","Y","F","WS",2023,102,"Cl",3.4196,"MG/L","ANION",0.1,"NONE"
"MTN4","WaDE_17",2023-04-12,15H 52M 0S,"Herndon","Y","F","WS",2023,102,"NO3",0.5809,"MG/L","ANION",0.1,"NONE"
"MTN4","WaDE_17",2023-04-12,15H 52M 0S,"Herndon","Y","F","WS",2023,102,"PO4",0.05,"MG/L","ANION",0.1,"<"
"MTN4","WaDE_17",2023-04-12,15H 52M 0S,"Herndon","Y","F","WS",2023,102,"SO4",3.778,"MG/L","ANION",0.1,"NONE"
"MTN4","WaDE_17",2023-04-12,15H 52M 0S,"Herndon","Y","F","WS",2023,102,"Na",2e-05,"MG/L","METALS",0.04,"<"
"MTN4","WaDE_17",2023-04-12,15H 52M 0S,"Herndon","Y","F","WS",2023,102,"K",2e-05,"MG/L","METALS",0.04,"<"
"EFK2.0","WaDE_25",2023-04-12,10H 15M 0S,"Kurz","Y","F","WS",2023,102,"depth",NA,"CM","PHYS",NA,"NONE"
"EFK2.0","WaDE_25",2023-04-12,10H 15M 0S,"Kurz","Y","F","WS",2023,102,"SpC",285.7,"uS/CM","CHEM",NA,"NONE"
"EFK2.0","WaDE_25",2023-04-12,10H 15M 0S,"Kurz","Y","F","WS",2023,102,"pH",7.93,"UNITS","CHEM",NA,"NONE"
"EFK2.0","WaDE_25",2023-04-12,10H 15M 0S,"Kurz","Y","F","WS",2023,102,"temp",13.25,"C","CHEM",NA,"NONE"
"EFK2.0","WaDE_25",2023-04-12,10H 15M 0S,"Kurz","Y","F","WS",2023,102,"DOC",1.684,"MG/L","C",0.1,"NONE"
"EFK2.0","WaDE_25",2023-04-12,10H 15M 0S,"Kurz","Y","F","WS",2023,102,"Mg",0.010703,"MG/L","METALS",0.5,"NONE"
"EFK2.0","WaDE_25",2023-04-12,10H 15M 0S,"Kurz","Y","F","WS",2023,102,"Ca",0.050585,"MG/L","METALS",0.5,"NONE"
"EFK2.0","WaDE_25",2023-04-12,10H 15M 0S,"Kurz","Y","F","WS",2023,102,"Cl",11.6342,"MG/L","ANION",0.1,"NONE"
"EFK2.0","WaDE_25",2023-04-12,10H 15M 0S,"Kurz","Y","F","WS",2023,102,"NO3",3.1092,"MG/L","ANION",0.1,"NONE"
"EFK2.0","WaDE_25",2023-04-12,10H 15M 0S,"Kurz","Y","F","WS",2023,102,"PO4",3.2279,"MG/L","ANION",0.1,"NONE"
"EFK2.0","WaDE_25",2023-04-12,10H 15M 0S,"Kurz","Y","F","WS",2023,102,"SO4",15.3526,"MG/L","ANION",0.1,"NONE"
"EFK2.0","WaDE_25",2023-04-12,10H 15M 0S,"Kurz","Y","F","WS",2023,102,"Na",0.010653,"MG/L","METALS",0.04,"NONE"
"EFK2.0","WaDE_25",2023-04-12,10H 15M 0S,"Kurz","Y","F","WS",2023,102,"K",0.002791,"MG/L","METALS",0.04,"NONE"
"Bear Creek","WaDE_26",2023-04-12,10H 40M 0S,"Kurz","Y","F","WS",2023,102,"depth",10.2,"CM","PHYS",NA,"NONE"
"Bear Creek","WaDE_26",2023-04-12,10H 40M 0S,"Kurz","Y","F","WS",2023,102,"SpC",232.9,"uS/CM","CHEM",NA,"NONE"
"Bear Creek","WaDE_26",2023-04-12,10H 40M 0S,"Kurz","Y","F","WS",2023,102,"pH",8.11,"UNITS","CHEM",NA,"NONE"
"Bear Creek","WaDE_26",2023-04-12,10H 40M 0S,"Kurz","Y","F","WS",2023,102,"temp",12.66,"C","CHEM",NA,"NONE"
"Bear Creek","WaDE_26",2023-04-12,10H 40M 0S,"Kurz","Y","F","WS",2023,102,"DOC",1.164,"MG/L","C",0.1,"NONE"
"Bear Creek","WaDE_26",2023-04-12,10H 40M 0S,"Kurz","Y","F","WS",2023,102,"Mg",0.012608,"MG/L","METALS",0.5,"NONE"
"Bear Creek","WaDE_26",2023-04-12,10H 40M 0S,"Kurz","Y","F","WS",2023,102,"Ca",0.041005,"MG/L","METALS",0.5,"NONE"
"Bear Creek","WaDE_26",2023-04-12,10H 40M 0S,"Kurz","Y","F","WS",2023,102,"Cl",5.6115,"MG/L","ANION",0.1,"NONE"
"Bear Creek","WaDE_26",2023-04-12,10H 40M 0S,"Kurz","Y","F","WS",2023,102,"NO3",0.5813,"MG/L","ANION",0.1,"NONE"
"Bear Creek","WaDE_26",2023-04-12,10H 40M 0S,"Kurz","Y","F","WS",2023,102,"PO4",0.05,"MG/L","ANION",0.1,"<"
"Bear Creek","WaDE_26",2023-04-12,10H 40M 0S,"Kurz","Y","F","WS",2023,102,"SO4",15.1151,"MG/L","ANION",0.1,"NONE"
"Bear Creek","WaDE_26",2023-04-12,10H 40M 0S,"Kurz","Y","F","WS",2023,102,"Na",0.00475,"MG/L","METALS",0.04,"NONE"
"Bear Creek","WaDE_26",2023-04-12,10H 40M 0S,"Kurz","Y","F","WS",2023,102,"K",NA,"MG/L","METALS",0.04,NA
"EFK5.4","WaDE_27",2023-04-12,11H 10M 0S,"Kurz","Y","F","WS",2023,102,"depth",22.9,"CM","PHYS",NA,"NONE"
"EFK5.4","WaDE_27",2023-04-12,11H 10M 0S,"Kurz","Y","F","WS",2023,102,"SpC",313.5,"uS/CM","CHEM",NA,"NONE"
"EFK5.4","WaDE_27",2023-04-12,11H 10M 0S,"Kurz","Y","F","WS",2023,102,"pH",8.08,"UNITS","CHEM",NA,"NONE"
"EFK5.4","WaDE_27",2023-04-12,11H 10M 0S,"Kurz","Y","F","WS",2023,102,"temp",14.34,"C","CHEM",NA,"NONE"
"EFK5.4","WaDE_27",2023-04-12,11H 10M 0S,"Kurz","Y","F","WS",2023,102,"DOC",2.053,"MG/L","C",0.1,"NONE"
"EFK5.4","WaDE_27",2023-04-12,11H 10M 0S,"Kurz","Y","F","WS",2023,102,"Mg",0.011126,"MG/L","METALS",0.5,"NONE"
"EFK5.4","WaDE_27",2023-04-12,11H 10M 0S,"Kurz","Y","F","WS",2023,102,"Ca",0.05339,"MG/L","METALS",0.5,"NONE"
"EFK5.4","WaDE_27",2023-04-12,11H 10M 0S,"Kurz","Y","F","WS",2023,102,"Cl",14.3524,"MG/L","ANION",0.1,"NONE"
"EFK5.4","WaDE_27",2023-04-12,11H 10M 0S,"Kurz","Y","F","WS",2023,102,"NO3",4.198,"MG/L","ANION",0.1,"NONE"
"EFK5.4","WaDE_27",2023-04-12,11H 10M 0S,"Kurz","Y","F","WS",2023,102,"PO4",3.6498,"MG/L","ANION",0.1,"NONE"
"EFK5.4","WaDE_27",2023-04-12,11H 10M 0S,"Kurz","Y","F","WS",2023,102,"SO4",15.3519,"MG/L","ANION",0.1,"NONE"
"EFK5.4","WaDE_27",2023-04-12,11H 10M 0S,"Kurz","Y","F","WS",2023,102,"Na",0.014163,"MG/L","METALS",0.04,"NONE"
"EFK5.4","WaDE_27",2023-04-12,11H 10M 0S,"Kurz","Y","F","WS",2023,102,"K",0.003472,"MG/L","METALS",0.04,"NONE"
"EFK7.9","WaDE_28",2023-04-12,11H 40M 0S,"Kurz","Y","F","WS",2023,102,"depth",17.8,"CM","PHYS",NA,"NONE"
"EFK7.9","WaDE_28",2023-04-12,11H 40M 0S,"Kurz","Y","F","WS",2023,102,"SpC",320.1,"uS/CM","CHEM",NA,"NONE"
"EFK7.9","WaDE_28",2023-04-12,11H 40M 0S,"Kurz","Y","F","WS",2023,102,"pH",8.03,"UNITS","CHEM",NA,"NONE"
"EFK7.9","WaDE_28",2023-04-12,11H 40M 0S,"Kurz","Y","F","WS",2023,102,"temp",14.3,"C","CHEM",NA,"NONE"
"EFK7.9","WaDE_28",2023-04-12,11H 40M 0S,"Kurz","Y","F","WS",2023,102,"DOC",2.068,"MG/L","C",0.1,"NONE"
"EFK7.9","WaDE_28",2023-04-12,11H 40M 0S,"Kurz","Y","F","WS",2023,102,"Mg",0.011405,"MG/L","METALS",0.5,"NONE"
"EFK7.9","WaDE_28",2023-04-12,11H 40M 0S,"Kurz","Y","F","WS",2023,102,"Ca",0.053362,"MG/L","METALS",0.5,"NONE"
"EFK7.9","WaDE_28",2023-04-12,11H 40M 0S,"Kurz","Y","F","WS",2023,102,"Cl",16.1313,"MG/L","ANION",0.1,"NONE"
"EFK7.9","WaDE_28",2023-04-12,11H 40M 0S,"Kurz","Y","F","WS",2023,102,"NO3",5.2961,"MG/L","ANION",0.1,"NONE"
"EFK7.9","WaDE_28",2023-04-12,11H 40M 0S,"Kurz","Y","F","WS",2023,102,"PO4",3.9113,"MG/L","ANION",0.1,"NONE"
"EFK7.9","WaDE_28",2023-04-12,11H 40M 0S,"Kurz","Y","F","WS",2023,102,"SO4",16.9883,"MG/L","ANION",0.1,"NONE"
"EFK7.9","WaDE_28",2023-04-12,11H 40M 0S,"Kurz","Y","F","WS",2023,102,"Na",0.014745,"MG/L","METALS",0.04,"NONE"
"EFK7.9","WaDE_28",2023-04-12,11H 40M 0S,"Kurz","Y","F","WS",2023,102,"K",0.004029,"MG/L","METALS",0.04,"NONE"
"EFK10.0","WaDE_29",2023-04-12,12H 5M 0S,"Kurz","Y","F","WS",2023,102,"depth",25,"CM","PHYS",NA,"NONE"
"EFK10.0","WaDE_29",2023-04-12,12H 5M 0S,"Kurz","Y","F","WS",2023,102,"SpC",330.3,"uS/CM","CHEM",NA,"NONE"
"EFK10.0","WaDE_29",2023-04-12,12H 5M 0S,"Kurz","Y","F","WS",2023,102,"pH",8.03,"UNITS","CHEM",NA,"NONE"
"EFK10.0","WaDE_29",2023-04-12,12H 5M 0S,"Kurz","Y","F","WS",2023,102,"temp",14.35,"C","CHEM",NA,"NONE"
"EFK10.0","WaDE_29",2023-04-12,12H 5M 0S,"Kurz","Y","F","WS",2023,102,"DOC",1.966,"MG/L","C",0.1,"NONE"
"EFK10.0","WaDE_29",2023-04-12,12H 5M 0S,"Kurz","Y","F","WS",2023,102,"Mg",0.012231,"MG/L","METALS",0.5,"NONE"
"EFK10.0","WaDE_29",2023-04-12,12H 5M 0S,"Kurz","Y","F","WS",2023,102,"Ca",0.054627,"MG/L","METALS",0.5,"NONE"
"EFK10.0","WaDE_29",2023-04-12,12H 5M 0S,"Kurz","Y","F","WS",2023,102,"Cl",15.8446,"MG/L","ANION",0.1,"NONE"
"EFK10.0","WaDE_29",2023-04-12,12H 5M 0S,"Kurz","Y","F","WS",2023,102,"NO3",4.9277,"MG/L","ANION",0.1,"NONE"
"EFK10.0","WaDE_29",2023-04-12,12H 5M 0S,"Kurz","Y","F","WS",2023,102,"PO4",3.7656,"MG/L","ANION",0.1,"NONE"
"EFK10.0","WaDE_29",2023-04-12,12H 5M 0S,"Kurz","Y","F","WS",2023,102,"SO4",17.9805,"MG/L","ANION",0.1,"NONE"
"EFK10.0","WaDE_29",2023-04-12,12H 5M 0S,"Kurz","Y","F","WS",2023,102,"Na",0.014165,"MG/L","METALS",0.04,"NONE"
"EFK10.0","WaDE_29",2023-04-12,12H 5M 0S,"Kurz","Y","F","WS",2023,102,"K",2e-05,"MG/L","METALS",0.04,"<"
"Gum Hollow","WaDE_30",2023-04-12,12H 15M 0S,"Kurz","Y","F","WS",2023,102,"depth",19,"CM","PHYS",NA,"NONE"
"Gum Hollow","WaDE_30",2023-04-12,12H 15M 0S,"Kurz","Y","F","WS",2023,102,"SpC",163.6,"uS/CM","CHEM",NA,"NONE"
"Gum Hollow","WaDE_30",2023-04-12,12H 15M 0S,"Kurz","Y","F","WS",2023,102,"pH",8.11,"UNITS","CHEM",NA,"NONE"
"Gum Hollow","WaDE_30",2023-04-12,12H 15M 0S,"Kurz","Y","F","WS",2023,102,"temp",13.44,"C","CHEM",NA,"NONE"
"Gum Hollow","WaDE_30",2023-04-12,12H 15M 0S,"Kurz","Y","F","WS",2023,102,"DOC",0.8719,"MG/L","C",0.1,"NONE"
"Gum Hollow","WaDE_30",2023-04-12,12H 15M 0S,"Kurz","Y","F","WS",2023,102,"Mg",0.005826,"MG/L","METALS",0.5,"NONE"
"Gum Hollow","WaDE_30",2023-04-12,12H 15M 0S,"Kurz","Y","F","WS",2023,102,"Ca",0.03409,"MG/L","METALS",0.5,"NONE"
"Gum Hollow","WaDE_30",2023-04-12,12H 15M 0S,"Kurz","Y","F","WS",2023,102,"Cl",2.4151,"MG/L","ANION",0.1,"NONE"
"Gum Hollow","WaDE_30",2023-04-12,12H 15M 0S,"Kurz","Y","F","WS",2023,102,"NO3",0.05,"MG/L","ANION",0.1,"<"
"Gum Hollow","WaDE_30",2023-04-12,12H 15M 0S,"Kurz","Y","F","WS",2023,102,"PO4",0.05,"MG/L","ANION",0.1,"<"
"Gum Hollow","WaDE_30",2023-04-12,12H 15M 0S,"Kurz","Y","F","WS",2023,102,"SO4",9.5767,"MG/L","ANION",0.1,"NONE"
"Gum Hollow","WaDE_30",2023-04-12,12H 15M 0S,"Kurz","Y","F","WS",2023,102,"Na",2e-05,"MG/L","METALS",0.04,"<"
"Gum Hollow","WaDE_30",2023-04-12,12H 15M 0S,"Kurz","Y","F","WS",2023,102,"K",2e-05,"MG/L","METALS",0.04,"<"
"EFK11.3","WaDE_31",2023-04-12,12H 44M 0S,"Kurz","Y","F","WS",2023,102,"depth",23,"CM","PHYS",NA,"NONE"
"EFK11.3","WaDE_31",2023-04-12,12H 44M 0S,"Kurz","Y","F","WS",2023,102,"SpC",360.1,"uS/CM","CHEM",NA,"NONE"
"EFK11.3","WaDE_31",2023-04-12,12H 44M 0S,"Kurz","Y","F","WS",2023,102,"pH",8.2,"UNITS","CHEM",NA,"NONE"
"EFK11.3","WaDE_31",2023-04-12,12H 44M 0S,"Kurz","Y","F","WS",2023,102,"temp",15.23,"C","CHEM",NA,"NONE"
"EFK11.3","WaDE_31",2023-04-12,12H 44M 0S,"Kurz","Y","F","WS",2023,102,"DOC",2.186,"MG/L","C",0.1,"NONE"
"EFK11.3","WaDE_31",2023-04-12,12H 44M 0S,"Kurz","Y","F","WS",2023,102,"Mg",0.012053,"MG/L","METALS",0.5,"NONE"
"EFK11.3","WaDE_31",2023-04-12,12H 44M 0S,"Kurz","Y","F","WS",2023,102,"Ca",0.057163,"MG/L","METALS",0.5,"NONE"
"EFK11.3","WaDE_31",2023-04-12,12H 44M 0S,"Kurz","Y","F","WS",2023,102,"Cl",18.5108,"MG/L","ANION",0.1,"NONE"
"EFK11.3","WaDE_31",2023-04-12,12H 44M 0S,"Kurz","Y","F","WS",2023,102,"NO3",6.0302,"MG/L","ANION",0.1,"NONE"
"EFK11.3","WaDE_31",2023-04-12,12H 44M 0S,"Kurz","Y","F","WS",2023,102,"PO4",4.1639,"MG/L","ANION",0.1,"NONE"
"EFK11.3","WaDE_31",2023-04-12,12H 44M 0S,"Kurz","Y","F","WS",2023,102,"SO4",20.9291,"MG/L","ANION",0.1,"NONE"
"EFK11.3","WaDE_31",2023-04-12,12H 44M 0S,"Kurz","Y","F","WS",2023,102,"Na",0.016869,"MG/L","METALS",0.04,"NONE"
"EFK11.3","WaDE_31",2023-04-12,12H 44M 0S,"Kurz","Y","F","WS",2023,102,"K",0.004232,"MG/L","METALS",0.04,"NONE"
"EFK13.8","WaDE_32",2023-04-12,13H 0M 0S,"Kurz","Y","F","WS",2023,102,"depth",27,"CM","PHYS",NA,"NONE"
"EFK13.8","WaDE_32",2023-04-12,13H 0M 0S,"Kurz","Y","F","WS",2023,102,"SpC",315.8,"uS/CM","CHEM",NA,"NONE"
"EFK13.8","WaDE_32",2023-04-12,13H 0M 0S,"Kurz","Y","F","WS",2023,102,"pH",8.29,"UNITS","CHEM",NA,"NONE"
"EFK13.8","WaDE_32",2023-04-12,13H 0M 0S,"Kurz","Y","F","WS",2023,102,"temp",15.14,"C","CHEM",NA,"NONE"
"EFK13.8","WaDE_32",2023-04-12,13H 0M 0S,"Kurz","Y","F","WS",2023,102,"DOC",1.221,"MG/L","C",0.1,"NONE"
"EFK13.8","WaDE_32",2023-04-12,13H 0M 0S,"Kurz","Y","F","WS",2023,102,"Mg",0.012052,"MG/L","METALS",0.5,"NONE"
"EFK13.8","WaDE_32",2023-04-12,13H 0M 0S,"Kurz","Y","F","WS",2023,102,"Ca",0.05548,"MG/L","METALS",0.5,"NONE"
"EFK13.8","WaDE_32",2023-04-12,13H 0M 0S,"Kurz","Y","F","WS",2023,102,"Cl",10.1944,"MG/L","ANION",0.1,"NONE"
"EFK13.8","WaDE_32",2023-04-12,13H 0M 0S,"Kurz","Y","F","WS",2023,102,"NO3",0.9947,"MG/L","ANION",0.1,"NONE"
"EFK13.8","WaDE_32",2023-04-12,13H 0M 0S,"Kurz","Y","F","WS",2023,102,"PO4",0.05,"MG/L","ANION",0.1,"<"
"EFK13.8","WaDE_32",2023-04-12,13H 0M 0S,"Kurz","Y","F","WS",2023,102,"SO4",20.857,"MG/L","ANION",0.1,"NONE"
"EFK13.8","WaDE_32",2023-04-12,13H 0M 0S,"Kurz","Y","F","WS",2023,102,"Na",0.008767,"MG/L","METALS",0.04,"NONE"
"EFK13.8","WaDE_32",2023-04-12,13H 0M 0S,"Kurz","Y","F","WS",2023,102,"K",0.001633,"MG/L","METALS",0.04,"NONE"
"Mill Branch","WaDE_33",2023-04-12,12H 15M 0S,"Kurz","Y","F","WS",2023,102,"depth",80,"CM","PHYS",NA,"NONE"
"Mill Branch","WaDE_33",2023-04-12,12H 15M 0S,"Kurz","Y","F","WS",2023,102,"SpC",169.4,"uS/CM","CHEM",NA,"NONE"
"Mill Branch","WaDE_33",2023-04-12,12H 15M 0S,"Kurz","Y","F","WS",2023,102,"pH",8.09,"UNITS","CHEM",NA,"NONE"
"Mill Branch","WaDE_33",2023-04-12,12H 15M 0S,"Kurz","Y","F","WS",2023,102,"temp",14.33,"C","CHEM",NA,"NONE"
"Mill Branch","WaDE_33",2023-04-12,12H 15M 0S,"Kurz","Y","F","WS",2023,102,"DOC",1.029,"MG/L","C",0.1,"NONE"
"Mill Branch","WaDE_33",2023-04-12,12H 15M 0S,"Kurz","Y","F","WS",2023,102,"Mg",0.006264,"MG/L","METALS",0.5,"NONE"
"Mill Branch","WaDE_33",2023-04-12,12H 15M 0S,"Kurz","Y","F","WS",2023,102,"Ca",0.032504,"MG/L","METALS",0.5,"NONE"
"Mill Branch","WaDE_33",2023-04-12,12H 15M 0S,"Kurz","Y","F","WS",2023,102,"Cl",2.4623,"MG/L","ANION",0.1,"NONE"
"Mill Branch","WaDE_33",2023-04-12,12H 15M 0S,"Kurz","Y","F","WS",2023,102,"NO3",0.2485,"MG/L","ANION",0.1,"NONE"
"Mill Branch","WaDE_33",2023-04-12,12H 15M 0S,"Kurz","Y","F","WS",2023,102,"PO4",0.05,"MG/L","ANION",0.1,"<"
"Mill Branch","WaDE_33",2023-04-12,12H 15M 0S,"Kurz","Y","F","WS",2023,102,"SO4",9.7733,"MG/L","ANION",0.1,"NONE"
"Mill Branch","WaDE_33",2023-04-12,12H 15M 0S,"Kurz","Y","F","WS",2023,102,"Na",2e-05,"MG/L","METALS",0.04,"<"
"Mill Branch","WaDE_33",2023-04-12,12H 15M 0S,"Kurz","Y","F","WS",2023,102,"K",0.00179,"MG/L","METALS",0.04,"NONE"
"EFK16.2","WaDE_34",2023-04-12,13H 55M 0S,"Kurz","Y","F","WS",2023,102,"depth",80,"CM","PHYS",NA,"NONE"
"EFK16.2","WaDE_34",2023-04-12,13H 55M 0S,"Kurz","Y","F","WS",2023,102,"SpC",349.2,"uS/CM","CHEM",NA,"NONE"
"EFK16.2","WaDE_34",2023-04-12,13H 55M 0S,"Kurz","Y","F","WS",2023,102,"pH",8.1,"UNITS","CHEM",NA,"NONE"
"EFK16.2","WaDE_34",2023-04-12,13H 55M 0S,"Kurz","Y","F","WS",2023,102,"temp",15.24,"C","CHEM",NA,"NONE"
"EFK16.2","WaDE_34",2023-04-12,13H 55M 0S,"Kurz","Y","F","WS",2023,102,"DOC",1.221,"MG/L","C",0.1,"NONE"
"EFK16.2","WaDE_34",2023-04-12,13H 55M 0S,"Kurz","Y","F","WS",2023,102,"Mg",0.014244,"MG/L","METALS",0.5,"NONE"
"EFK16.2","WaDE_34",2023-04-12,13H 55M 0S,"Kurz","Y","F","WS",2023,102,"Ca",0.06225,"MG/L","METALS",0.5,"NONE"
"EFK16.2","WaDE_34",2023-04-12,13H 55M 0S,"Kurz","Y","F","WS",2023,102,"Cl",12.8262,"MG/L","ANION",0.1,"NONE"
"EFK16.2","WaDE_34",2023-04-12,13H 55M 0S,"Kurz","Y","F","WS",2023,102,"NO3",1.3317,"MG/L","ANION",0.1,"NONE"
"EFK16.2","WaDE_34",2023-04-12,13H 55M 0S,"Kurz","Y","F","WS",2023,102,"PO4",0.05,"MG/L","ANION",0.1,"<"
"EFK16.2","WaDE_34",2023-04-12,13H 55M 0S,"Kurz","Y","F","WS",2023,102,"SO4",24.7487,"MG/L","ANION",0.1,"NONE"
"EFK16.2","WaDE_34",2023-04-12,13H 55M 0S,"Kurz","Y","F","WS",2023,102,"Na",0.011249,"MG/L","METALS",0.04,"NONE"
"EFK16.2","WaDE_34",2023-04-12,13H 55M 0S,"Kurz","Y","F","WS",2023,102,"K",0.001815,"MG/L","METALS",0.04,"NONE"
"EFK18.2","WaDE_35",2023-04-12,14H 10M 0S,"Kurz","Y","F","WS",2023,102,"depth",24,"CM","PHYS",NA,"NONE"
"EFK18.2","WaDE_35",2023-04-12,14H 10M 0S,"Kurz","Y","F","WS",2023,102,"SpC",259.1,"uS/CM","CHEM",NA,"NONE"
"EFK18.2","WaDE_35",2023-04-12,14H 10M 0S,"Kurz","Y","F","WS",2023,102,"pH",7.99,"UNITS","CHEM",NA,"NONE"
"EFK18.2","WaDE_35",2023-04-12,14H 10M 0S,"Kurz","Y","F","WS",2023,102,"temp",15.94,"C","CHEM",NA,"NONE"
"EFK18.2","WaDE_35",2023-04-12,14H 10M 0S,"Kurz","Y","F","WS",2023,102,"DOC",1.11,"MG/L","C",0.1,"NONE"
"EFK18.2","WaDE_35",2023-04-12,14H 10M 0S,"Kurz","Y","F","WS",2023,102,"Mg",0.014715,"MG/L","METALS",0.5,"NONE"
"EFK18.2","WaDE_35",2023-04-12,14H 10M 0S,"Kurz","Y","F","WS",2023,102,"Ca",0.059633,"MG/L","METALS",0.5,"NONE"
"EFK18.2","WaDE_35",2023-04-12,14H 10M 0S,"Kurz","Y","F","WS",2023,102,"Cl",13.0921,"MG/L","ANION",0.1,"NONE"
"EFK18.2","WaDE_35",2023-04-12,14H 10M 0S,"Kurz","Y","F","WS",2023,102,"NO3",1.5352,"MG/L","ANION",0.1,"NONE"
"EFK18.2","WaDE_35",2023-04-12,14H 10M 0S,"Kurz","Y","F","WS",2023,102,"PO4",0.05,"MG/L","ANION",0.1,"<"
"EFK18.2","WaDE_35",2023-04-12,14H 10M 0S,"Kurz","Y","F","WS",2023,102,"SO4",25.6115,"MG/L","ANION",0.1,"NONE"
"EFK18.2","WaDE_35",2023-04-12,14H 10M 0S,"Kurz","Y","F","WS",2023,102,"Na",0.011103,"MG/L","METALS",0.04,"NONE"
"EFK18.2","WaDE_35",2023-04-12,14H 10M 0S,"Kurz","Y","F","WS",2023,102,"K",0.001846,"MG/L","METALS",0.04,"NONE"
"EFK20","WaDE_36",2023-04-12,14H 50M 0S,"Kurz","Y","F","WS",2023,102,"depth",30,"CM","PHYS",NA,"NONE"
"EFK20","WaDE_36",2023-04-12,14H 50M 0S,"Kurz","Y","F","WS",2023,102,"SpC",392.6,"uS/CM","CHEM",NA,"NONE"
"EFK20","WaDE_36",2023-04-12,14H 50M 0S,"Kurz","Y","F","WS",2023,102,"pH",8.26,"UNITS","CHEM",NA,"NONE"
"EFK20","WaDE_36",2023-04-12,14H 50M 0S,"Kurz","Y","F","WS",2023,102,"temp",17.58,"C","CHEM",NA,"NONE"
"EFK20","WaDE_36",2023-04-12,14H 50M 0S,"Kurz","Y","F","WS",2023,102,"DOC",1.329,"MG/L","C",0.1,"NONE"
"EFK20","WaDE_36",2023-04-12,14H 50M 0S,"Kurz","Y","F","WS",2023,102,"Mg",0.015217,"MG/L","METALS",0.5,"NONE"
"EFK20","WaDE_36",2023-04-12,14H 50M 0S,"Kurz","Y","F","WS",2023,102,"Ca",0.061925,"MG/L","METALS",0.5,"NONE"
"EFK20","WaDE_36",2023-04-12,14H 50M 0S,"Kurz","Y","F","WS",2023,102,"Cl",15.6632,"MG/L","ANION",0.1,"NONE"
"EFK20","WaDE_36",2023-04-12,14H 50M 0S,"Kurz","Y","F","WS",2023,102,"NO3",1.575,"MG/L","ANION",0.1,"NONE"
"EFK20","WaDE_36",2023-04-12,14H 50M 0S,"Kurz","Y","F","WS",2023,102,"PO4",0.05,"MG/L","ANION",0.1,"<"
"EFK20","WaDE_36",2023-04-12,14H 50M 0S,"Kurz","Y","F","WS",2023,102,"SO4",34.0277,"MG/L","ANION",0.1,"NONE"
"EFK20","WaDE_36",2023-04-12,14H 50M 0S,"Kurz","Y","F","WS",2023,102,"Na",0.013617,"MG/L","METALS",0.04,"NONE"
"EFK20","WaDE_36",2023-04-12,14H 50M 0S,"Kurz","Y","F","WS",2023,102,"K",0.002393,"MG/L","METALS",0.04,"NONE"
"Downtown","WaDE_37",2023-04-12,15H 15M 0S,"Kurz","Y","F","WS",2023,102,"depth",11,"CM","PHYS",NA,"NONE"
"Downtown","WaDE_37",2023-04-12,15H 15M 0S,"Kurz","Y","F","WS",2023,102,"SpC",330.4,"uS/CM","CHEM",NA,"NONE"
"Downtown","WaDE_37",2023-04-12,15H 15M 0S,"Kurz","Y","F","WS",2023,102,"pH",8.29,"UNITS","CHEM",NA,"NONE"
"Downtown","WaDE_37",2023-04-12,15H 15M 0S,"Kurz","Y","F","WS",2023,102,"temp",19.35,"C","CHEM",NA,"NONE"
"Downtown","WaDE_37",2023-04-12,15H 15M 0S,"Kurz","Y","F","WS",2023,102,"DOC",0.9131,"MG/L","C",0.1,"NONE"
"Downtown","WaDE_37",2023-04-12,15H 15M 0S,"Kurz","Y","F","WS",2023,102,"Mg",0.013731,"MG/L","METALS",0.5,"NONE"
"Downtown","WaDE_37",2023-04-12,15H 15M 0S,"Kurz","Y","F","WS",2023,102,"Ca",0.057139,"MG/L","METALS",0.5,"NONE"
"Downtown","WaDE_37",2023-04-12,15H 15M 0S,"Kurz","Y","F","WS",2023,102,"Cl",7.546,"MG/L","ANION",0.1,"NONE"
"Downtown","WaDE_37",2023-04-12,15H 15M 0S,"Kurz","Y","F","WS",2023,102,"NO3",1.0809,"MG/L","ANION",0.1,"NONE"
"Downtown","WaDE_37",2023-04-12,15H 15M 0S,"Kurz","Y","F","WS",2023,102,"PO4",0.05,"MG/L","ANION",0.1,"<"
"Downtown","WaDE_37",2023-04-12,15H 15M 0S,"Kurz","Y","F","WS",2023,102,"SO4",7.5687,"MG/L","ANION",0.1,"NONE"
"Downtown","WaDE_37",2023-04-12,15H 15M 0S,"Kurz","Y","F","WS",2023,102,"Na",0.004886,"MG/L","METALS",0.04,"NONE"
"Downtown","WaDE_37",2023-04-12,15H 15M 0S,"Kurz","Y","F","WS",2023,102,"K",2e-05,"MG/L","METALS",0.04,"<"
"EFK23.5","WaDE_38",2023-04-12,15H 30M 0S,"Kurz","Y","F","WS",2023,102,"depth",30,"CM","PHYS",NA,"NONE"
"EFK23.5","WaDE_38",2023-04-12,15H 30M 0S,"Kurz","Y","F","WS",2023,102,"SpC",421.8,"uS/CM","CHEM",NA,"NONE"
"EFK23.5","WaDE_38",2023-04-12,15H 30M 0S,"Kurz","Y","F","WS",2023,102,"pH",8.89,"UNITS","CHEM",NA,"NONE"
"EFK23.5","WaDE_38",2023-04-12,15H 30M 0S,"Kurz","Y","F","WS",2023,102,"temp",21.48,"C","CHEM",NA,"NONE"
"EFK23.5","WaDE_38",2023-04-12,15H 30M 0S,"Kurz","Y","F","WS",2023,102,"DOC",1.593,"MG/L","C",0.1,"NONE"
"EFK23.5","WaDE_38",2023-04-12,15H 30M 0S,"Kurz","Y","F","WS",2023,102,"Mg",0.01458,"MG/L","METALS",0.5,"NONE"
"EFK23.5","WaDE_38",2023-04-12,15H 30M 0S,"Kurz","Y","F","WS",2023,102,"Ca",0.056039,"MG/L","METALS",0.5,"NONE"
"EFK23.5","WaDE_38",2023-04-12,15H 30M 0S,"Kurz","Y","F","WS",2023,102,"Cl",22.2186,"MG/L","ANION",0.1,"NONE"
"EFK23.5","WaDE_38",2023-04-12,15H 30M 0S,"Kurz","Y","F","WS",2023,102,"NO3",2.6409,"MG/L","ANION",0.1,"NONE"
"EFK23.5","WaDE_38",2023-04-12,15H 30M 0S,"Kurz","Y","F","WS",2023,102,"PO4",0.05,"MG/L","ANION",0.1,"<"
"EFK23.5","WaDE_38",2023-04-12,15H 30M 0S,"Kurz","Y","F","WS",2023,102,"SO4",31.2629,"MG/L","ANION",0.1,"NONE"
"EFK23.5","WaDE_38",2023-04-12,15H 30M 0S,"Kurz","Y","F","WS",2023,102,"Na",0.018768,"MG/L","METALS",0.04,"NONE"
"EFK23.5","WaDE_38",2023-04-12,15H 30M 0S,"Kurz","Y","F","WS",2023,102,"K",0.002036,"MG/L","METALS",0.04,"NONE"
"Forest Rd_BF","WaDE_39",2023-04-12,16H 0M 0S,"Kurz","Y","F","WS",2023,102,"depth",6,"CM","PHYS",NA,"NONE"
"Forest Rd_BF","WaDE_39",2023-04-12,16H 0M 0S,"Kurz","Y","F","WS",2023,102,"SpC",106,"uS/CM","CHEM",NA,"NONE"
"Forest Rd_BF","WaDE_39",2023-04-12,16H 0M 0S,"Kurz","Y","F","WS",2023,102,"pH",7.91,"UNITS","CHEM",NA,"NONE"
"Forest Rd_BF","WaDE_39",2023-04-12,16H 0M 0S,"Kurz","Y","F","WS",2023,102,"temp",16.78,"C","CHEM",NA,"NONE"
"Forest Rd_BF","WaDE_39",2023-04-12,16H 0M 0S,"Kurz","Y","F","WS",2023,102,"DOC",1.139,"MG/L","C",0.1,"NONE"
"Forest Rd_BF","WaDE_39",2023-04-12,16H 0M 0S,"Kurz","Y","F","WS",2023,102,"Mg",0.005539,"MG/L","METALS",0.5,"NONE"
"Forest Rd_BF","WaDE_39",2023-04-12,16H 0M 0S,"Kurz","Y","F","WS",2023,102,"Ca",0.013568,"MG/L","METALS",0.5,"NONE"
"Forest Rd_BF","WaDE_39",2023-04-12,16H 0M 0S,"Kurz","Y","F","WS",2023,102,"Cl",1.7444,"MG/L","ANION",0.1,"NONE"
"Forest Rd_BF","WaDE_39",2023-04-12,16H 0M 0S,"Kurz","Y","F","WS",2023,102,"NO3",0.05,"MG/L","ANION",0.1,"<"
"Forest Rd_BF","WaDE_39",2023-04-12,16H 0M 0S,"Kurz","Y","F","WS",2023,102,"PO4",0.05,"MG/L","ANION",0.1,"<"
"Forest Rd_BF","WaDE_39",2023-04-12,16H 0M 0S,"Kurz","Y","F","WS",2023,102,"SO4",8.3104,"MG/L","ANION",0.1,"NONE"
"Forest Rd_BF","WaDE_39",2023-04-12,16H 0M 0S,"Kurz","Y","F","WS",2023,102,"Na",2e-05,"MG/L","METALS",0.04,"<"
"Forest Rd_BF","WaDE_39",2023-04-12,16H 0M 0S,"Kurz","Y","F","WS",2023,102,"K",0.002453,"MG/L","METALS",0.04,"NONE"
"Forest Rd_BE","WaDE_40",2023-04-12,16H 30M 0S,"Kurz","Y","F","WS",2023,102,"depth",9,"CM","PHYS",NA,"NONE"
"Forest Rd_BE","WaDE_40",2023-04-12,16H 30M 0S,"Kurz","Y","F","WS",2023,102,"SpC",155,"uS/CM","CHEM",NA,"NONE"
"Forest Rd_BE","WaDE_40",2023-04-12,16H 30M 0S,"Kurz","Y","F","WS",2023,102,"pH",8.12,"UNITS","CHEM",NA,"NONE"
"Forest Rd_BE","WaDE_40",2023-04-12,16H 30M 0S,"Kurz","Y","F","WS",2023,102,"temp",17.22,"C","CHEM",NA,"NONE"
"Forest Rd_BE","WaDE_40",2023-04-12,16H 30M 0S,"Kurz","Y","F","WS",2023,102,"DOC",0.9968,"MG/L","C",0.1,"NONE"
"Forest Rd_BE","WaDE_40",2023-04-12,16H 30M 0S,"Kurz","Y","F","WS",2023,102,"Mg",0.004025,"MG/L","METALS",0.5,"NONE"
"Forest Rd_BE","WaDE_40",2023-04-12,16H 30M 0S,"Kurz","Y","F","WS",2023,102,"Ca",0.025633,"MG/L","METALS",0.5,"NONE"
"Forest Rd_BE","WaDE_40",2023-04-12,16H 30M 0S,"Kurz","Y","F","WS",2023,102,"Cl",1.7952,"MG/L","ANION",0.1,"NONE"
"Forest Rd_BE","WaDE_40",2023-04-12,16H 30M 0S,"Kurz","Y","F","WS",2023,102,"NO3",0.05,"MG/L","ANION",0.1,"<"
"Forest Rd_BE","WaDE_40",2023-04-12,16H 30M 0S,"Kurz","Y","F","WS",2023,102,"PO4",0.05,"MG/L","ANION",0.1,"<"
"Forest Rd_BE","WaDE_40",2023-04-12,16H 30M 0S,"Kurz","Y","F","WS",2023,102,"SO4",5.6611,"MG/L","ANION",0.1,"NONE"
"Forest Rd_BE","WaDE_40",2023-04-12,16H 30M 0S,"Kurz","Y","F","WS",2023,102,"Na",2e-05,"MG/L","METALS",0.04,"<"
"Forest Rd_BE","WaDE_40",2023-04-12,16H 30M 0S,"Kurz","Y","F","WS",2023,102,"K",0.001859,"MG/L","METALS",0.04,"NONE"
"Forest Rd_BD","WaDE_41",2023-04-12,16H 54M 0S,"Kurz","Y","F","WS",2023,102,"depth",4,"CM","PHYS",NA,"NONE"
"Forest Rd_BD","WaDE_41",2023-04-12,16H 54M 0S,"Kurz","Y","F","WS",2023,102,"SpC",143.1,"uS/CM","CHEM",NA,"NONE"
"Forest Rd_BD","WaDE_41",2023-04-12,16H 54M 0S,"Kurz","Y","F","WS",2023,102,"pH",7.98,"UNITS","CHEM",NA,"NONE"
"Forest Rd_BD","WaDE_41",2023-04-12,16H 54M 0S,"Kurz","Y","F","WS",2023,102,"temp",17.97,"C","CHEM",NA,"NONE"
"Forest Rd_BD","WaDE_41",2023-04-12,16H 54M 0S,"Kurz","Y","F","WS",2023,102,"DOC",0.8888,"MG/L","C",0.1,"NONE"
"Forest Rd_BD","WaDE_41",2023-04-12,16H 54M 0S,"Kurz","Y","F","WS",2023,102,"Mg",0.00641,"MG/L","METALS",0.5,"NONE"
"Forest Rd_BD","WaDE_41",2023-04-12,16H 54M 0S,"Kurz","Y","F","WS",2023,102,"Ca",0.021213,"MG/L","METALS",0.5,"NONE"
"Forest Rd_BD","WaDE_41",2023-04-12,16H 54M 0S,"Kurz","Y","F","WS",2023,102,"Cl",1.783,"MG/L","ANION",0.1,"NONE"
"Forest Rd_BD","WaDE_41",2023-04-12,16H 54M 0S,"Kurz","Y","F","WS",2023,102,"NO3",0.05,"MG/L","ANION",0.1,"<"
"Forest Rd_BD","WaDE_41",2023-04-12,16H 54M 0S,"Kurz","Y","F","WS",2023,102,"PO4",0.05,"MG/L","ANION",0.1,"<"
"Forest Rd_BD","WaDE_41",2023-04-12,16H 54M 0S,"Kurz","Y","F","WS",2023,102,"SO4",14.7705,"MG/L","ANION",0.1,"NONE"
"Forest Rd_BD","WaDE_41",2023-04-12,16H 54M 0S,"Kurz","Y","F","WS",2023,102,"Na",0.005718,"MG/L","METALS",0.04,"NONE"
"Forest Rd_BD","WaDE_41",2023-04-12,16H 54M 0S,"Kurz","Y","F","WS",2023,102,"K",0.002062,"MG/L","METALS",0.04,"NONE"
"Forest Rd_BC","WaDE_42",2023-04-12,17H 5M 0S,"Kurz","Y","F","WS",2023,102,"depth",3,"CM","PHYS",NA,"NONE"
"Forest Rd_BC","WaDE_42",2023-04-12,17H 5M 0S,"Kurz","Y","F","WS",2023,102,"SpC",164.8,"uS/CM","CHEM",NA,"NONE"
"Forest Rd_BC","WaDE_42",2023-04-12,17H 5M 0S,"Kurz","Y","F","WS",2023,102,"pH",7.76,"UNITS","CHEM",NA,"NONE"
"Forest Rd_BC","WaDE_42",2023-04-12,17H 5M 0S,"Kurz","Y","F","WS",2023,102,"temp",15.04,"C","CHEM",NA,"NONE"
"Forest Rd_BC","WaDE_42",2023-04-12,17H 5M 0S,"Kurz","Y","F","WS",2023,102,"DOC",0.7632,"MG/L","C",0.1,"NONE"
"Forest Rd_BC","WaDE_42",2023-04-12,17H 5M 0S,"Kurz","Y","F","WS",2023,102,"Mg",0.004219,"MG/L","METALS",0.5,"NONE"
"Forest Rd_BC","WaDE_42",2023-04-12,17H 5M 0S,"Kurz","Y","F","WS",2023,102,"Ca",0.034957,"MG/L","METALS",0.5,"NONE"
"Forest Rd_BC","WaDE_42",2023-04-12,17H 5M 0S,"Kurz","Y","F","WS",2023,102,"Cl",1.4,"MG/L","ANION",0.1,"NONE"
"Forest Rd_BC","WaDE_42",2023-04-12,17H 5M 0S,"Kurz","Y","F","WS",2023,102,"NO3",0.05,"MG/L","ANION",0.1,"<"
"Forest Rd_BC","WaDE_42",2023-04-12,17H 5M 0S,"Kurz","Y","F","WS",2023,102,"PO4",2.5175,"MG/L","ANION",0.1,"NONE"
"Forest Rd_BC","WaDE_42",2023-04-12,17H 5M 0S,"Kurz","Y","F","WS",2023,102,"SO4",1.5682,"MG/L","ANION",0.1,"NONE"
"Forest Rd_BC","WaDE_42",2023-04-12,17H 5M 0S,"Kurz","Y","F","WS",2023,102,"Na",2e-05,"MG/L","METALS",0.04,"<"
"Forest Rd_BC","WaDE_42",2023-04-12,17H 5M 0S,"Kurz","Y","F","WS",2023,102,"K",0.001457,"MG/L","METALS",0.04,"NONE"
"WBK2","WaDE_49",2023-04-12,12H 17M 0S,"Berens","N","P","WS",2023,102,"depth",19.4,"CM","PHYS",NA,"NONE"
"WBK2","WaDE_49",2023-04-12,12H 17M 0S,"Berens","N","P","WS",2023,102,"SpC",NA,"uS/CM","CHEM",NA,"NONE"
"WBK2","WaDE_49",2023-04-12,12H 17M 0S,"Berens","N","P","WS",2023,102,"pH",NA,"UNITS","CHEM",NA,"NONE"
"WBK2","WaDE_49",2023-04-12,12H 17M 0S,"Berens","N","P","WS",2023,102,"temp",NA,"C","CHEM",NA,"NONE"
"WBK2","WaDE_49",2023-04-12,12H 17M 0S,"Berens","N","P","WS",2023,102,"DOC",2.226,"MG/L","C",0.1,"NONE"
"WBK2","WaDE_49",2023-04-12,12H 17M 0S,"Berens","N","P","WS",2023,102,"Mg",0.010653,"MG/L","METALS",0.5,"NONE"
"WBK2","WaDE_49",2023-04-12,12H 17M 0S,"Berens","N","P","WS",2023,102,"Ca",0.045317,"MG/L","METALS",0.5,"NONE"
"WBK2","WaDE_49",2023-04-12,12H 17M 0S,"Berens","N","P","WS",2023,102,"Cl",9.9978,"MG/L","ANION",0.1,"NONE"
"WBK2","WaDE_49",2023-04-12,12H 17M 0S,"Berens","N","P","WS",2023,102,"NO3",0.05,"MG/L","ANION",0.1,"<"
"WBK2","WaDE_49",2023-04-12,12H 17M 0S,"Berens","N","P","WS",2023,102,"PO4",0.05,"MG/L","ANION",0.1,"<"
"WBK2","WaDE_49",2023-04-12,12H 17M 0S,"Berens","N","P","WS",2023,102,"SO4",8.1166,"MG/L","ANION",0.1,"NONE"
"WBK2","WaDE_49",2023-04-12,12H 17M 0S,"Berens","N","P","WS",2023,102,"Na",0.012873,"MG/L","METALS",0.04,"NONE"
"WBK2","WaDE_49",2023-04-12,12H 17M 0S,"Berens","N","P","WS",2023,102,"K",2e-05,"MG/L","METALS",0.04,"<"
"WBK1","WaDE_50",2023-04-12,12H 36M 0S,"Berens","Y","F","WS",2023,102,"depth",12.2,"CM","PHYS",NA,"NONE"
"WBK1","WaDE_50",2023-04-12,12H 36M 0S,"Berens","Y","F","WS",2023,102,"SpC",328,"uS/CM","CHEM",NA,"NONE"
"WBK1","WaDE_50",2023-04-12,12H 36M 0S,"Berens","Y","F","WS",2023,102,"pH",7.7,"UNITS","CHEM",NA,"NONE"
"WBK1","WaDE_50",2023-04-12,12H 36M 0S,"Berens","Y","F","WS",2023,102,"temp",20.12,"C","CHEM",NA,"NONE"
"WBK1","WaDE_50",2023-04-12,12H 36M 0S,"Berens","Y","F","WS",2023,102,"DOC",0.4196,"MG/L","C",0.1,"NONE"
"WBK1","WaDE_50",2023-04-12,12H 36M 0S,"Berens","Y","F","WS",2023,102,"Mg",0.013737,"MG/L","METALS",0.5,"NONE"
"WBK1","WaDE_50",2023-04-12,12H 36M 0S,"Berens","Y","F","WS",2023,102,"Ca",0.046291,"MG/L","METALS",0.5,"NONE"
"WBK1","WaDE_50",2023-04-12,12H 36M 0S,"Berens","Y","F","WS",2023,102,"Cl",6.3929,"MG/L","ANION",0.1,"NONE"
"WBK1","WaDE_50",2023-04-12,12H 36M 0S,"Berens","Y","F","WS",2023,102,"NO3",2.0233,"MG/L","ANION",0.1,"NONE"
"WBK1","WaDE_50",2023-04-12,12H 36M 0S,"Berens","Y","F","WS",2023,102,"PO4",0.05,"MG/L","ANION",0.1,"<"
"WBK1","WaDE_50",2023-04-12,12H 36M 0S,"Berens","Y","F","WS",2023,102,"SO4",5.1592,"MG/L","ANION",0.1,"NONE"
"WBK1","WaDE_50",2023-04-12,12H 36M 0S,"Berens","Y","F","WS",2023,102,"Na",2e-05,"MG/L","METALS",0.04,"<"
"WBK1","WaDE_50",2023-04-12,12H 36M 0S,"Berens","Y","F","WS",2023,102,"K",2e-05,"MG/L","METALS",0.04,"<"
"WBK3","WaDE_51",2023-04-12,13H 10M 0S,"Berens","Y","F","WS",2023,102,"depth",4.4,"CM","PHYS",NA,"NONE"
"WBK3","WaDE_51",2023-04-12,13H 10M 0S,"Berens","Y","F","WS",2023,102,"SpC",319,"uS/CM","CHEM",NA,"NONE"
"WBK3","WaDE_51",2023-04-12,13H 10M 0S,"Berens","Y","F","WS",2023,102,"pH",7.13,"UNITS","CHEM",NA,"NONE"
"WBK3","WaDE_51",2023-04-12,13H 10M 0S,"Berens","Y","F","WS",2023,102,"temp",14.97,"C","CHEM",NA,"NONE"
"WBK3","WaDE_51",2023-04-12,13H 10M 0S,"Berens","Y","F","WS",2023,102,"DOC",0.8637,"MG/L","C",0.1,"NONE"
"WBK3","WaDE_51",2023-04-12,13H 10M 0S,"Berens","Y","F","WS",2023,102,"Mg",0.009115,"MG/L","METALS",0.5,"NONE"
"WBK3","WaDE_51",2023-04-12,13H 10M 0S,"Berens","Y","F","WS",2023,102,"Ca",0.019595,"MG/L","METALS",0.5,"NONE"
"WBK3","WaDE_51",2023-04-12,13H 10M 0S,"Berens","Y","F","WS",2023,102,"Cl",4.3367,"MG/L","ANION",0.1,"NONE"
"WBK3","WaDE_51",2023-04-12,13H 10M 0S,"Berens","Y","F","WS",2023,102,"NO3",0.6462,"MG/L","ANION",0.1,"NONE"
"WBK3","WaDE_51",2023-04-12,13H 10M 0S,"Berens","Y","F","WS",2023,102,"PO4",0.05,"MG/L","ANION",0.1,"<"
"WBK3","WaDE_51",2023-04-12,13H 10M 0S,"Berens","Y","F","WS",2023,102,"SO4",2.8154,"MG/L","ANION",0.1,"NONE"
"WBK3","WaDE_51",2023-04-12,13H 10M 0S,"Berens","Y","F","WS",2023,102,"Na",2e-05,"MG/L","METALS",0.04,"<"
"WBK3","WaDE_51",2023-04-12,13H 10M 0S,"Berens","Y","F","WS",2023,102,"K",2e-05,"MG/L","METALS",0.04,"<"
"Vanderbilt_BN","WaDE_52",2023-04-12,14H 13M 0S,"Berens","Y","F","WS",2023,102,"depth",8.4,"CM","PHYS",NA,"NONE"
"Vanderbilt_BN","WaDE_52",2023-04-12,14H 13M 0S,"Berens","Y","F","WS",2023,102,"SpC",251,"uS/CM","CHEM",NA,"NONE"
"Vanderbilt_BN","WaDE_52",2023-04-12,14H 13M 0S,"Berens","Y","F","WS",2023,102,"pH",7.9,"UNITS","CHEM",NA,"NONE"
"Vanderbilt_BN","WaDE_52",2023-04-12,14H 13M 0S,"Berens","Y","F","WS",2023,102,"temp",16.11,"C","CHEM",NA,"NONE"
"Vanderbilt_BN","WaDE_52",2023-04-12,14H 13M 0S,"Berens","Y","F","WS",2023,102,"DOC",1.04,"MG/L","C",0.1,"NONE"
"Vanderbilt_BN","WaDE_52",2023-04-12,14H 13M 0S,"Berens","Y","F","WS",2023,102,"Mg",0.005606,"MG/L","METALS",0.5,"NONE"
"Vanderbilt_BN","WaDE_52",2023-04-12,14H 13M 0S,"Berens","Y","F","WS",2023,102,"Ca",0.045411,"MG/L","METALS",0.5,"NONE"
"Vanderbilt_BN","WaDE_52",2023-04-12,14H 13M 0S,"Berens","Y","F","WS",2023,102,"Cl",2.7823,"MG/L","ANION",0.1,"NONE"
"Vanderbilt_BN","WaDE_52",2023-04-12,14H 13M 0S,"Berens","Y","F","WS",2023,102,"NO3",0.3161,"MG/L","ANION",0.1,"NONE"
"Vanderbilt_BN","WaDE_52",2023-04-12,14H 13M 0S,"Berens","Y","F","WS",2023,102,"PO4",0.05,"MG/L","ANION",0.1,"<"
"Vanderbilt_BN","WaDE_52",2023-04-12,14H 13M 0S,"Berens","Y","F","WS",2023,102,"SO4",9.1219,"MG/L","ANION",0.1,"NONE"
"Vanderbilt_BN","WaDE_52",2023-04-12,14H 13M 0S,"Berens","Y","F","WS",2023,102,"Na",2e-05,"MG/L","METALS",0.04,"<"
"Vanderbilt_BN","WaDE_52",2023-04-12,14H 13M 0S,"Berens","Y","F","WS",2023,102,"K",2e-05,"MG/L","METALS",0.04,"<"
"Tusculum_BJ","WaDE_53",2023-04-12,14H 45M 0S,"Berens","Y","F","WS",2023,102,"depth",13,"CM","PHYS",NA,"NONE"
"Tusculum_BJ","WaDE_53",2023-04-12,14H 45M 0S,"Berens","Y","F","WS",2023,102,"SpC",380,"uS/CM","CHEM",NA,"NONE"
"Tusculum_BJ","WaDE_53",2023-04-12,14H 45M 0S,"Berens","Y","F","WS",2023,102,"pH",7.87,"UNITS","CHEM",NA,"NONE"
"Tusculum_BJ","WaDE_53",2023-04-12,14H 45M 0S,"Berens","Y","F","WS",2023,102,"temp",18.01,"C","CHEM",NA,"NONE"
"Tusculum_BJ","WaDE_53",2023-04-12,14H 45M 0S,"Berens","Y","F","WS",2023,102,"DOC",1.084,"MG/L","C",0.1,"NONE"
"Tusculum_BJ","WaDE_53",2023-04-12,14H 45M 0S,"Berens","Y","F","WS",2023,102,"Mg",0.011537,"MG/L","METALS",0.5,"NONE"
"Tusculum_BJ","WaDE_53",2023-04-12,14H 45M 0S,"Berens","Y","F","WS",2023,102,"Ca",0.064949,"MG/L","METALS",0.5,"NONE"
"Tusculum_BJ","WaDE_53",2023-04-12,14H 45M 0S,"Berens","Y","F","WS",2023,102,"Cl",4.2845,"MG/L","ANION",0.1,"NONE"
"Tusculum_BJ","WaDE_53",2023-04-12,14H 45M 0S,"Berens","Y","F","WS",2023,102,"NO3",0.4662,"MG/L","ANION",0.1,"NONE"
"Tusculum_BJ","WaDE_53",2023-04-12,14H 45M 0S,"Berens","Y","F","WS",2023,102,"PO4",0.05,"MG/L","ANION",0.1,"<"
"Tusculum_BJ","WaDE_53",2023-04-12,14H 45M 0S,"Berens","Y","F","WS",2023,102,"SO4",18.8418,"MG/L","ANION",0.1,"NONE"
"Tusculum_BJ","WaDE_53",2023-04-12,14H 45M 0S,"Berens","Y","F","WS",2023,102,"Na",2e-05,"MG/L","METALS",0.04,"<"
"Tusculum_BJ","WaDE_53",2023-04-12,14H 45M 0S,"Berens","Y","F","WS",2023,102,"K",0.00207,"MG/L","METALS",0.04,"NONE"
"EFK_BI","WaDE_54",2023-04-12,15H 12M 0S,"Berens","Y","F","WS",2023,102,"depth",12.5,"CM","PHYS",NA,"NONE"
"EFK_BI","WaDE_54",2023-04-12,15H 12M 0S,"Berens","Y","F","WS",2023,102,"SpC",447,"uS/CM","CHEM",NA,"NONE"
"EFK_BI","WaDE_54",2023-04-12,15H 12M 0S,"Berens","Y","F","WS",2023,102,"pH",8.14,"UNITS","CHEM",NA,"NONE"
"EFK_BI","WaDE_54",2023-04-12,15H 12M 0S,"Berens","Y","F","WS",2023,102,"temp",17.38,"C","CHEM",NA,"NONE"
"EFK_BI","WaDE_54",2023-04-12,15H 12M 0S,"Berens","Y","F","WS",2023,102,"DOC",1.363,"MG/L","C",0.1,"NONE"
"EFK_BI","WaDE_54",2023-04-12,15H 12M 0S,"Berens","Y","F","WS",2023,102,"Mg",0.016189,"MG/L","METALS",0.5,"NONE"
"EFK_BI","WaDE_54",2023-04-12,15H 12M 0S,"Berens","Y","F","WS",2023,102,"Ca",0.062008,"MG/L","METALS",0.5,"NONE"
"EFK_BI","WaDE_54",2023-04-12,15H 12M 0S,"Berens","Y","F","WS",2023,102,"Cl",17.1507,"MG/L","ANION",0.1,"NONE"
"EFK_BI","WaDE_54",2023-04-12,15H 12M 0S,"Berens","Y","F","WS",2023,102,"NO3",1.808,"MG/L","ANION",0.1,"NONE"
"EFK_BI","WaDE_54",2023-04-12,15H 12M 0S,"Berens","Y","F","WS",2023,102,"PO4",0.05,"MG/L","ANION",0.1,"<"
"EFK_BI","WaDE_54",2023-04-12,15H 12M 0S,"Berens","Y","F","WS",2023,102,"SO4",36.9643,"MG/L","ANION",0.1,"NONE"
"EFK_BI","WaDE_54",2023-04-12,15H 12M 0S,"Berens","Y","F","WS",2023,102,"Na",0.016088,"MG/L","METALS",0.04,"NONE"
"EFK_BI","WaDE_54",2023-04-12,15H 12M 0S,"Berens","Y","F","WS",2023,102,"K",0.002241,"MG/L","METALS",0.04,"NONE"
"NA_BH","WaDE_55",2023-04-12,15H 44M 0S,"Berens","N","P","WS",2023,102,"depth",14.2,"CM","PHYS",NA,"NONE"
"NA_BH","WaDE_55",2023-04-12,15H 44M 0S,"Berens","N","P","WS",2023,102,"SpC",356,"uS/CM","CHEM",NA,"NONE"
"NA_BH","WaDE_55",2023-04-12,15H 44M 0S,"Berens","N","P","WS",2023,102,"pH",8.32,"UNITS","CHEM",NA,"NONE"
"NA_BH","WaDE_55",2023-04-12,15H 44M 0S,"Berens","N","P","WS",2023,102,"temp",27.83,"C","CHEM",NA,"NONE"
"NA_BH","WaDE_55",2023-04-12,15H 44M 0S,"Berens","N","P","WS",2023,102,"DOC",3.827,"MG/L","C",0.1,"NONE"
"NA_BH","WaDE_55",2023-04-12,15H 44M 0S,"Berens","N","P","WS",2023,102,"Mg",0.008654,"MG/L","METALS",0.5,"NONE"
"NA_BH","WaDE_55",2023-04-12,15H 44M 0S,"Berens","N","P","WS",2023,102,"Ca",0.059842,"MG/L","METALS",0.5,"NONE"
"NA_BH","WaDE_55",2023-04-12,15H 44M 0S,"Berens","N","P","WS",2023,102,"Cl",12.6642,"MG/L","ANION",0.1,"NONE"
"NA_BH","WaDE_55",2023-04-12,15H 44M 0S,"Berens","N","P","WS",2023,102,"NO3",0.05,"MG/L","ANION",0.1,"<"
"NA_BH","WaDE_55",2023-04-12,15H 44M 0S,"Berens","N","P","WS",2023,102,"PO4",0.05,"MG/L","ANION",0.1,"<"
"NA_BH","WaDE_55",2023-04-12,15H 44M 0S,"Berens","N","P","WS",2023,102,"SO4",14.3134,"MG/L","ANION",0.1,"NONE"
"NA_BH","WaDE_55",2023-04-12,15H 44M 0S,"Berens","N","P","WS",2023,102,"Na",0.011732,"MG/L","METALS",0.04,"NONE"
"NA_BH","WaDE_55",2023-04-12,15H 44M 0S,"Berens","N","P","WS",2023,102,"K",2e-05,"MG/L","METALS",0.04,"<"
"Tusculum_BK","WaDE_56",2023-04-12,16H 7M 0S,"Berens","Y","F","WS",2023,102,"depth",14.5,"CM","PHYS",NA,"NONE"
"Tusculum_BK","WaDE_56",2023-04-12,16H 7M 0S,"Berens","Y","F","WS",2023,102,"SpC",349,"uS/CM","CHEM",NA,"NONE"
"Tusculum_BK","WaDE_56",2023-04-12,16H 7M 0S,"Berens","Y","F","WS",2023,102,"pH",7.63,"UNITS","CHEM",NA,"NONE"
"Tusculum_BK","WaDE_56",2023-04-12,16H 7M 0S,"Berens","Y","F","WS",2023,102,"temp",15.95,"C","CHEM",NA,"NONE"
"Tusculum_BK","WaDE_56",2023-04-12,16H 7M 0S,"Berens","Y","F","WS",2023,102,"DOC",1.023,"MG/L","C",0.1,"NONE"
"Tusculum_BK","WaDE_56",2023-04-12,16H 7M 0S,"Berens","Y","F","WS",2023,102,"Mg",0.015576,"MG/L","METALS",0.5,"NONE"
"Tusculum_BK","WaDE_56",2023-04-12,16H 7M 0S,"Berens","Y","F","WS",2023,102,"Ca",0.052601,"MG/L","METALS",0.5,"NONE"
"Tusculum_BK","WaDE_56",2023-04-12,16H 7M 0S,"Berens","Y","F","WS",2023,102,"Cl",4.0117,"MG/L","ANION",0.1,"NONE"
"Tusculum_BK","WaDE_56",2023-04-12,16H 7M 0S,"Berens","Y","F","WS",2023,102,"NO3",0.472,"MG/L","ANION",0.1,"NONE"
"Tusculum_BK","WaDE_56",2023-04-12,16H 7M 0S,"Berens","Y","F","WS",2023,102,"PO4",0.05,"MG/L","ANION",0.1,"<"
"Tusculum_BK","WaDE_56",2023-04-12,16H 7M 0S,"Berens","Y","F","WS",2023,102,"SO4",23.3708,"MG/L","ANION",0.1,"NONE"
"Tusculum_BK","WaDE_56",2023-04-12,16H 7M 0S,"Berens","Y","F","WS",2023,102,"Na",2e-05,"MG/L","METALS",0.04,"<"
"Tusculum_BK","WaDE_56",2023-04-12,16H 7M 0S,"Berens","Y","F","WS",2023,102,"K",0.00276,"MG/L","METALS",0.04,"NONE"
"Tusculum_BL","WaDE_57",2023-04-12,16H 24M 0S,"Berens","Y","F","WS",2023,102,"depth",11.2,"CM","PHYS",NA,"NONE"
"Tusculum_BL","WaDE_57",2023-04-12,16H 24M 0S,"Berens","Y","F","WS",2023,102,"SpC",408,"uS/CM","CHEM",NA,"NONE"
"Tusculum_BL","WaDE_57",2023-04-12,16H 24M 0S,"Berens","Y","F","WS",2023,102,"pH",7.86,"UNITS","CHEM",NA,"NONE"
"Tusculum_BL","WaDE_57",2023-04-12,16H 24M 0S,"Berens","Y","F","WS",2023,102,"temp",16.23,"C","CHEM",NA,"NONE"
"Tusculum_BL","WaDE_57",2023-04-12,16H 24M 0S,"Berens","Y","F","WS",2023,102,"DOC",0.8383,"MG/L","C",0.1,"NONE"
"Tusculum_BL","WaDE_57",2023-04-12,16H 24M 0S,"Berens","Y","F","WS",2023,102,"Mg",0.005995,"MG/L","METALS",0.5,"NONE"
"Tusculum_BL","WaDE_57",2023-04-12,16H 24M 0S,"Berens","Y","F","WS",2023,102,"Ca",0.082259,"MG/L","METALS",0.5,"NONE"
"Tusculum_BL","WaDE_57",2023-04-12,16H 24M 0S,"Berens","Y","F","WS",2023,102,"Cl",4.1984,"MG/L","ANION",0.1,"NONE"
"Tusculum_BL","WaDE_57",2023-04-12,16H 24M 0S,"Berens","Y","F","WS",2023,102,"NO3",0.4708,"MG/L","ANION",0.1,"NONE"
"Tusculum_BL","WaDE_57",2023-04-12,16H 24M 0S,"Berens","Y","F","WS",2023,102,"PO4",0.05,"MG/L","ANION",0.1,"<"
"Tusculum_BL","WaDE_57",2023-04-12,16H 24M 0S,"Berens","Y","F","WS",2023,102,"SO4",23.8985,"MG/L","ANION",0.1,"NONE"
"Tusculum_BL","WaDE_57",2023-04-12,16H 24M 0S,"Berens","Y","F","WS",2023,102,"Na",2e-05,"MG/L","METALS",0.04,"<"
"Tusculum_BL","WaDE_57",2023-04-12,16H 24M 0S,"Berens","Y","F","WS",2023,102,"K",2e-05,"MG/L","METALS",0.04,"<"
"Spellman_BM","WaDE_58",2023-04-12,16H 46M 0S,"Berens","Y","F","WS",2023,102,"depth",4.5,"CM","PHYS",NA,"NONE"
"Spellman_BM","WaDE_58",2023-04-12,16H 46M 0S,"Berens","Y","F","WS",2023,102,"SpC",108,"uS/CM","CHEM",NA,"NONE"
"Spellman_BM","WaDE_58",2023-04-12,16H 46M 0S,"Berens","Y","F","WS",2023,102,"pH",7.55,"UNITS","CHEM",NA,"NONE"
"Spellman_BM","WaDE_58",2023-04-12,16H 46M 0S,"Berens","Y","F","WS",2023,102,"temp",15.25,"C","CHEM",NA,"NONE"
"Spellman_BM","WaDE_58",2023-04-12,16H 46M 0S,"Berens","Y","F","WS",2023,102,"DOC",1.435,"MG/L","C",0.1,"NONE"
"Spellman_BM","WaDE_58",2023-04-12,16H 46M 0S,"Berens","Y","F","WS",2023,102,"Mg",0.005417,"MG/L","METALS",0.5,"NONE"
"Spellman_BM","WaDE_58",2023-04-12,16H 46M 0S,"Berens","Y","F","WS",2023,102,"Ca",0.011177,"MG/L","METALS",0.5,"NONE"
"Spellman_BM","WaDE_58",2023-04-12,16H 46M 0S,"Berens","Y","F","WS",2023,102,"Cl",1.9946,"MG/L","ANION",0.1,"NONE"
"Spellman_BM","WaDE_58",2023-04-12,16H 46M 0S,"Berens","Y","F","WS",2023,102,"NO3",0.272,"MG/L","ANION",0.1,"NONE"
"Spellman_BM","WaDE_58",2023-04-12,16H 46M 0S,"Berens","Y","F","WS",2023,102,"PO4",0.05,"MG/L","ANION",0.1,"<"
"Spellman_BM","WaDE_58",2023-04-12,16H 46M 0S,"Berens","Y","F","WS",2023,102,"SO4",6.8679,"MG/L","ANION",0.1,"NONE"
"Spellman_BM","WaDE_58",2023-04-12,16H 46M 0S,"Berens","Y","F","WS",2023,102,"Na",2e-05,"MG/L","METALS",0.04,"<"
"Spellman_BM","WaDE_58",2023-04-12,16H 46M 0S,"Berens","Y","F","WS",2023,102,"K",0.003503,"MG/L","METALS",0.04,"NONE"
"NBO5","WaDE_59",2023-04-12,17H 46M 0S,"Berens","Y","F","WS",2023,102,"depth",16,"CM","PHYS",NA,"NONE"
"NBO5","WaDE_59",2023-04-12,17H 46M 0S,"Berens","Y","F","WS",2023,102,"SpC",314,"uS/CM","CHEM",NA,"NONE"
"NBO5","WaDE_59",2023-04-12,17H 46M 0S,"Berens","Y","F","WS",2023,102,"pH",7.43,"UNITS","CHEM",NA,"NONE"
"NBO5","WaDE_59",2023-04-12,17H 46M 0S,"Berens","Y","F","WS",2023,102,"temp",18.17,"C","CHEM",NA,"NONE"
"NBO5","WaDE_59",2023-04-12,17H 46M 0S,"Berens","Y","F","WS",2023,102,"DOC",1.048,"MG/L","C",0.1,"NONE"
"NBO5","WaDE_59",2023-04-12,17H 46M 0S,"Berens","Y","F","WS",2023,102,"Mg",0.007197,"MG/L","METALS",0.5,"NONE"
"NBO5","WaDE_59",2023-04-12,17H 46M 0S,"Berens","Y","F","WS",2023,102,"Ca",0.059112,"MG/L","METALS",0.5,"NONE"
"NBO5","WaDE_59",2023-04-12,17H 46M 0S,"Berens","Y","F","WS",2023,102,"Cl",1.8638,"MG/L","ANION",0.1,"NONE"
"NBO5","WaDE_59",2023-04-12,17H 46M 0S,"Berens","Y","F","WS",2023,102,"NO3",0.2914,"MG/L","ANION",0.1,"NONE"
"NBO5","WaDE_59",2023-04-12,17H 46M 0S,"Berens","Y","F","WS",2023,102,"PO4",0.05,"MG/L","ANION",0.1,"<"
"NBO5","WaDE_59",2023-04-12,17H 46M 0S,"Berens","Y","F","WS",2023,102,"SO4",3.0124,"MG/L","ANION",0.1,"NONE"
"NBO5","WaDE_59",2023-04-12,17H 46M 0S,"Berens","Y","F","WS",2023,102,"Na",2e-05,"MG/L","METALS",0.04,"<"
"NBO5","WaDE_59",2023-04-12,17H 46M 0S,"Berens","Y","F","WS",2023,102,"K",2e-05,"MG/L","METALS",0.04,"<"
"NBO3","WaDE_60",2023-04-12,18H 24M 0S,"Berens","Y","F","WS",2023,102,"depth",5.5,"CM","PHYS",NA,"NONE"
"NBO3","WaDE_60",2023-04-12,18H 24M 0S,"Berens","Y","F","WS",2023,102,"SpC",78,"uS/CM","CHEM",NA,"NONE"
"NBO3","WaDE_60",2023-04-12,18H 24M 0S,"Berens","Y","F","WS",2023,102,"pH",7.68,"UNITS","CHEM",NA,"NONE"
"NBO3","WaDE_60",2023-04-12,18H 24M 0S,"Berens","Y","F","WS",2023,102,"temp",16.4,"C","CHEM",NA,"NONE"
"NBO3","WaDE_60",2023-04-12,18H 24M 0S,"Berens","Y","F","WS",2023,102,"DOC",0.6397,"MG/L","C",0.1,"NONE"
"NBO3","WaDE_60",2023-04-12,18H 24M 0S,"Berens","Y","F","WS",2023,102,"Mg",0.004828,"MG/L","METALS",0.5,"NONE"
"NBO3","WaDE_60",2023-04-12,18H 24M 0S,"Berens","Y","F","WS",2023,102,"Ca",0.008788,"MG/L","METALS",0.5,"NONE"
"NBO3","WaDE_60",2023-04-12,18H 24M 0S,"Berens","Y","F","WS",2023,102,"Cl",1.8702,"MG/L","ANION",0.1,"NONE"
"NBO3","WaDE_60",2023-04-12,18H 24M 0S,"Berens","Y","F","WS",2023,102,"NO3",0.05,"MG/L","ANION",0.1,"<"
"NBO3","WaDE_60",2023-04-12,18H 24M 0S,"Berens","Y","F","WS",2023,102,"PO4",0.05,"MG/L","ANION",0.1,"<"
"NBO3","WaDE_60",2023-04-12,18H 24M 0S,"Berens","Y","F","WS",2023,102,"SO4",2.1797,"MG/L","ANION",0.1,"NONE"
"NBO3","WaDE_60",2023-04-12,18H 24M 0S,"Berens","Y","F","WS",2023,102,"Na",2e-05,"MG/L","METALS",0.04,"<"
"NBO3","WaDE_60",2023-04-12,18H 24M 0S,"Berens","Y","F","WS",2023,102,"K",2e-05,"MG/L","METALS",0.04,"<"
"NBO2","WaDE_61",2023-04-12,18H 46M 0S,"Berens","Y","F","WS",2023,102,"depth",16,"CM","PHYS",NA,"NONE"
"NBO2","WaDE_61",2023-04-12,18H 46M 0S,"Berens","Y","F","WS",2023,102,"SpC",209,"uS/CM","CHEM",NA,"NONE"
"NBO2","WaDE_61",2023-04-12,18H 46M 0S,"Berens","Y","F","WS",2023,102,"pH",7.34,"UNITS","CHEM",NA,"NONE"
"NBO2","WaDE_61",2023-04-12,18H 46M 0S,"Berens","Y","F","WS",2023,102,"temp",13.4,"C","CHEM",NA,"NONE"
"NBO2","WaDE_61",2023-04-12,18H 46M 0S,"Berens","Y","F","WS",2023,102,"DOC",0.3578,"MG/L","C",0.1,"NONE"
"NBO2","WaDE_61",2023-04-12,18H 46M 0S,"Berens","Y","F","WS",2023,102,"Mg",0.009191,"MG/L","METALS",0.5,"NONE"
"NBO2","WaDE_61",2023-04-12,18H 46M 0S,"Berens","Y","F","WS",2023,102,"Ca",0.029002,"MG/L","METALS",0.5,"NONE"
"NBO2","WaDE_61",2023-04-12,18H 46M 0S,"Berens","Y","F","WS",2023,102,"Cl",7.698,"MG/L","ANION",0.1,"NONE"
"NBO2","WaDE_61",2023-04-12,18H 46M 0S,"Berens","Y","F","WS",2023,102,"NO3",0.2733,"MG/L","ANION",0.1,"NONE"
"NBO2","WaDE_61",2023-04-12,18H 46M 0S,"Berens","Y","F","WS",2023,102,"PO4",0.05,"MG/L","ANION",0.1,"<"
"NBO2","WaDE_61",2023-04-12,18H 46M 0S,"Berens","Y","F","WS",2023,102,"SO4",3.0815,"MG/L","ANION",0.1,"NONE"
"NBO2","WaDE_61",2023-04-12,18H 46M 0S,"Berens","Y","F","WS",2023,102,"Na",2e-05,"MG/L","METALS",0.04,"<"
"NBO2","WaDE_61",2023-04-12,18H 46M 0S,"Berens","Y","F","WS",2023,102,"K",2e-05,"MG/L","METALS",0.04,"<"
"MTN1.1",NA,2023-04-12,16H 13M 0S,"Berens","N","P","WS",2023,102,"depth",0,"CM","PHYS",NA,"NONE"
"MTN1.1",NA,2023-04-12,16H 13M 0S,"Berens","N","P","WS",2023,102,"SpC",NA,"uS/CM","CHEM",NA,"NONE"
"MTN1.1",NA,2023-04-12,16H 13M 0S,"Berens","N","P","WS",2023,102,"pH",NA,"UNITS","CHEM",NA,"NONE"
"MTN1.1",NA,2023-04-12,16H 13M 0S,"Berens","N","P","WS",2023,102,"temp",NA,"C","CHEM",NA,"NONE"
"MTN1.1",NA,2023-04-12,16H 13M 0S,"Berens","N","P","WS",2023,102,"DOC",NA,"MG/L","C",0.1,NA
"MTN1.1",NA,2023-04-12,16H 13M 0S,"Berens","N","P","WS",2023,102,"Mg",NA,"MG/L","METALS",0.5,NA
"MTN1.1",NA,2023-04-12,16H 13M 0S,"Berens","N","P","WS",2023,102,"Ca",NA,"MG/L","METALS",0.5,NA
"MTN1.1",NA,2023-04-12,16H 13M 0S,"Berens","N","P","WS",2023,102,"Cl",NA,"MG/L","ANION",0.1,NA
"MTN1.1",NA,2023-04-12,16H 13M 0S,"Berens","N","P","WS",2023,102,"NO3",NA,"MG/L","ANION",0.1,NA
"MTN1.1",NA,2023-04-12,16H 13M 0S,"Berens","N","P","WS",2023,102,"PO4",NA,"MG/L","ANION",0.1,NA
"MTN1.1",NA,2023-04-12,16H 13M 0S,"Berens","N","P","WS",2023,102,"SO4",NA,"MG/L","ANION",0.1,NA
"MTN1.1",NA,2023-04-12,16H 13M 0S,"Berens","N","P","WS",2023,102,"Na",NA,"MG/L","METALS",0.04,NA
"MTN1.1",NA,2023-04-12,16H 13M 0S,"Berens","N","P","WS",2023,102,"K",NA,"MG/L","METALS",0.04,NA
"MTN1.3",NA,2023-04-12,16H 13M 0S,"Berens","N","D","WS",2023,102,"depth",0,"CM","PHYS",NA,"NONE"
"MTN1.3",NA,2023-04-12,16H 13M 0S,"Berens","N","D","WS",2023,102,"SpC",NA,"uS/CM","CHEM",NA,"NONE"
"MTN1.3",NA,2023-04-12,16H 13M 0S,"Berens","N","D","WS",2023,102,"pH",NA,"UNITS","CHEM",NA,"NONE"
"MTN1.3",NA,2023-04-12,16H 13M 0S,"Berens","N","D","WS",2023,102,"temp",NA,"C","CHEM",NA,"NONE"
"MTN1.3",NA,2023-04-12,16H 13M 0S,"Berens","N","D","WS",2023,102,"DOC",NA,"MG/L","C",0.1,NA
"MTN1.3",NA,2023-04-12,16H 13M 0S,"Berens","N","D","WS",2023,102,"Mg",NA,"MG/L","METALS",0.5,NA
"MTN1.3",NA,2023-04-12,16H 13M 0S,"Berens","N","D","WS",2023,102,"Ca",NA,"MG/L","METALS",0.5,NA
"MTN1.3",NA,2023-04-12,16H 13M 0S,"Berens","N","D","WS",2023,102,"Cl",NA,"MG/L","ANION",0.1,NA
"MTN1.3",NA,2023-04-12,16H 13M 0S,"Berens","N","D","WS",2023,102,"NO3",NA,"MG/L","ANION",0.1,NA
"MTN1.3",NA,2023-04-12,16H 13M 0S,"Berens","N","D","WS",2023,102,"PO4",NA,"MG/L","ANION",0.1,NA
"MTN1.3",NA,2023-04-12,16H 13M 0S,"Berens","N","D","WS",2023,102,"SO4",NA,"MG/L","ANION",0.1,NA
"MTN1.3",NA,2023-04-12,16H 13M 0S,"Berens","N","D","WS",2023,102,"Na",NA,"MG/L","METALS",0.04,NA
"MTN1.3",NA,2023-04-12,16H 13M 0S,"Berens","N","D","WS",2023,102,"K",NA,"MG/L","METALS",0.04,NA
"McArthur_AL",NA,2023-04-12,12H 41M 0S,"Berens","N","D","WS",2023,102,"depth",0,"CM","PHYS",NA,"NONE"
"McArthur_AL",NA,2023-04-12,12H 41M 0S,"Berens","N","D","WS",2023,102,"SpC",NA,"uS/CM","CHEM",NA,"NONE"
"McArthur_AL",NA,2023-04-12,12H 41M 0S,"Berens","N","D","WS",2023,102,"pH",NA,"UNITS","CHEM",NA,"NONE"
"McArthur_AL",NA,2023-04-12,12H 41M 0S,"Berens","N","D","WS",2023,102,"temp",NA,"C","CHEM",NA,"NONE"
"McArthur_AL",NA,2023-04-12,12H 41M 0S,"Berens","N","D","WS",2023,102,"DOC",NA,"MG/L","C",0.1,NA
"McArthur_AL",NA,2023-04-12,12H 41M 0S,"Berens","N","D","WS",2023,102,"Mg",NA,"MG/L","METALS",0.5,NA
"McArthur_AL",NA,2023-04-12,12H 41M 0S,"Berens","N","D","WS",2023,102,"Ca",NA,"MG/L","METALS",0.5,NA
"McArthur_AL",NA,2023-04-12,12H 41M 0S,"Berens","N","D","WS",2023,102,"Cl",NA,"MG/L","ANION",0.1,NA
"McArthur_AL",NA,2023-04-12,12H 41M 0S,"Berens","N","D","WS",2023,102,"NO3",NA,"MG/L","ANION",0.1,NA
"McArthur_AL",NA,2023-04-12,12H 41M 0S,"Berens","N","D","WS",2023,102,"PO4",NA,"MG/L","ANION",0.1,NA
"McArthur_AL",NA,2023-04-12,12H 41M 0S,"Berens","N","D","WS",2023,102,"SO4",NA,"MG/L","ANION",0.1,NA
"McArthur_AL",NA,2023-04-12,12H 41M 0S,"Berens","N","D","WS",2023,102,"Na",NA,"MG/L","METALS",0.04,NA
"McArthur_AL",NA,2023-04-12,12H 41M 0S,"Berens","N","D","WS",2023,102,"K",NA,"MG/L","METALS",0.04,NA
"Lawton_AE",NA,2023-04-12,12H 3M 0S,"Berens","N","D","WS",2023,102,"depth",0,"CM","PHYS",NA,"NONE"
"Lawton_AE",NA,2023-04-12,12H 3M 0S,"Berens","N","D","WS",2023,102,"SpC",NA,"uS/CM","CHEM",NA,"NONE"
"Lawton_AE",NA,2023-04-12,12H 3M 0S,"Berens","N","D","WS",2023,102,"pH",NA,"UNITS","CHEM",NA,"NONE"
"Lawton_AE",NA,2023-04-12,12H 3M 0S,"Berens","N","D","WS",2023,102,"temp",NA,"C","CHEM",NA,"NONE"
"Lawton_AE",NA,2023-04-12,12H 3M 0S,"Berens","N","D","WS",2023,102,"DOC",NA,"MG/L","C",0.1,NA
"Lawton_AE",NA,2023-04-12,12H 3M 0S,"Berens","N","D","WS",2023,102,"Mg",NA,"MG/L","METALS",0.5,NA
"Lawton_AE",NA,2023-04-12,12H 3M 0S,"Berens","N","D","WS",2023,102,"Ca",NA,"MG/L","METALS",0.5,NA
"Lawton_AE",NA,2023-04-12,12H 3M 0S,"Berens","N","D","WS",2023,102,"Cl",NA,"MG/L","ANION",0.1,NA
"Lawton_AE",NA,2023-04-12,12H 3M 0S,"Berens","N","D","WS",2023,102,"NO3",NA,"MG/L","ANION",0.1,NA
"Lawton_AE",NA,2023-04-12,12H 3M 0S,"Berens","N","D","WS",2023,102,"PO4",NA,"MG/L","ANION",0.1,NA
"Lawton_AE",NA,2023-04-12,12H 3M 0S,"Berens","N","D","WS",2023,102,"SO4",NA,"MG/L","ANION",0.1,NA
"Lawton_AE",NA,2023-04-12,12H 3M 0S,"Berens","N","D","WS",2023,102,"Na",NA,"MG/L","METALS",0.04,NA
"Lawton_AE",NA,2023-04-12,12H 3M 0S,"Berens","N","D","WS",2023,102,"K",NA,"MG/L","METALS",0.04,NA
"Lasalle_AB",NA,2023-04-12,13H 30M 0S,"Berens","N","W","WS",2023,102,"depth",0,"CM","PHYS",NA,"NONE"
"Lasalle_AB",NA,2023-04-12,13H 30M 0S,"Berens","N","W","WS",2023,102,"SpC",165,"uS/CM","CHEM",NA,"NONE"
"Lasalle_AB",NA,2023-04-12,13H 30M 0S,"Berens","N","W","WS",2023,102,"pH",7.89,"UNITS","CHEM",NA,"NONE"
"Lasalle_AB",NA,2023-04-12,13H 30M 0S,"Berens","N","W","WS",2023,102,"temp",15,"C","CHEM",NA,"NONE"
"Lasalle_AB",NA,2023-04-12,13H 30M 0S,"Berens","N","W","WS",2023,102,"DOC",NA,"MG/L","C",0.1,NA
"Lasalle_AB",NA,2023-04-12,13H 30M 0S,"Berens","N","W","WS",2023,102,"Mg",NA,"MG/L","METALS",0.5,NA
"Lasalle_AB",NA,2023-04-12,13H 30M 0S,"Berens","N","W","WS",2023,102,"Ca",NA,"MG/L","METALS",0.5,NA
"Lasalle_AB",NA,2023-04-12,13H 30M 0S,"Berens","N","W","WS",2023,102,"Cl",NA,"MG/L","ANION",0.1,NA
"Lasalle_AB",NA,2023-04-12,13H 30M 0S,"Berens","N","W","WS",2023,102,"NO3",NA,"MG/L","ANION",0.1,NA
"Lasalle_AB",NA,2023-04-12,13H 30M 0S,"Berens","N","W","WS",2023,102,"PO4",NA,"MG/L","ANION",0.1,NA
"Lasalle_AB",NA,2023-04-12,13H 30M 0S,"Berens","N","W","WS",2023,102,"SO4",NA,"MG/L","ANION",0.1,NA
"Lasalle_AB",NA,2023-04-12,13H 30M 0S,"Berens","N","W","WS",2023,102,"Na",NA,"MG/L","METALS",0.04,NA
"Lasalle_AB",NA,2023-04-12,13H 30M 0S,"Berens","N","W","WS",2023,102,"K",NA,"MG/L","METALS",0.04,NA
"Lasalle_AA",NA,2023-04-12,13H 40M 0S,"Berens","N","W","WS",2023,102,"depth",0,"CM","PHYS",NA,"NONE"
"Lasalle_AA",NA,2023-04-12,13H 40M 0S,"Berens","N","W","WS",2023,102,"SpC",NA,"uS/CM","CHEM",NA,"NONE"
"Lasalle_AA",NA,2023-04-12,13H 40M 0S,"Berens","N","W","WS",2023,102,"pH",NA,"UNITS","CHEM",NA,"NONE"
"Lasalle_AA",NA,2023-04-12,13H 40M 0S,"Berens","N","W","WS",2023,102,"temp",NA,"C","CHEM",NA,"NONE"
"Lasalle_AA",NA,2023-04-12,13H 40M 0S,"Berens","N","W","WS",2023,102,"DOC",NA,"MG/L","C",0.1,NA
"Lasalle_AA",NA,2023-04-12,13H 40M 0S,"Berens","N","W","WS",2023,102,"Mg",NA,"MG/L","METALS",0.5,NA
"Lasalle_AA",NA,2023-04-12,13H 40M 0S,"Berens","N","W","WS",2023,102,"Ca",NA,"MG/L","METALS",0.5,NA
"Lasalle_AA",NA,2023-04-12,13H 40M 0S,"Berens","N","W","WS",2023,102,"Cl",NA,"MG/L","ANION",0.1,NA
"Lasalle_AA",NA,2023-04-12,13H 40M 0S,"Berens","N","W","WS",2023,102,"NO3",NA,"MG/L","ANION",0.1,NA
"Lasalle_AA",NA,2023-04-12,13H 40M 0S,"Berens","N","W","WS",2023,102,"PO4",NA,"MG/L","ANION",0.1,NA
"Lasalle_AA",NA,2023-04-12,13H 40M 0S,"Berens","N","W","WS",2023,102,"SO4",NA,"MG/L","ANION",0.1,NA
"Lasalle_AA",NA,2023-04-12,13H 40M 0S,"Berens","N","W","WS",2023,102,"Na",NA,"MG/L","METALS",0.04,NA
"Lasalle_AA",NA,2023-04-12,13H 40M 0S,"Berens","N","W","WS",2023,102,"K",NA,"MG/L","METALS",0.04,NA
"Bissell_T",NA,2023-04-12,12H 10M 0S,"Berens","N","D","WS",2023,102,"depth",0,"CM","PHYS",NA,"NONE"
"Bissell_T",NA,2023-04-12,12H 10M 0S,"Berens","N","D","WS",2023,102,"SpC",NA,"uS/CM","CHEM",NA,"NONE"
"Bissell_T",NA,2023-04-12,12H 10M 0S,"Berens","N","D","WS",2023,102,"pH",NA,"UNITS","CHEM",NA,"NONE"
"Bissell_T",NA,2023-04-12,12H 10M 0S,"Berens","N","D","WS",2023,102,"temp",NA,"C","CHEM",NA,"NONE"
"Bissell_T",NA,2023-04-12,12H 10M 0S,"Berens","N","D","WS",2023,102,"DOC",NA,"MG/L","C",0.1,NA
"Bissell_T",NA,2023-04-12,12H 10M 0S,"Berens","N","D","WS",2023,102,"Mg",NA,"MG/L","METALS",0.5,NA
"Bissell_T",NA,2023-04-12,12H 10M 0S,"Berens","N","D","WS",2023,102,"Ca",NA,"MG/L","METALS",0.5,NA
"Bissell_T",NA,2023-04-12,12H 10M 0S,"Berens","N","D","WS",2023,102,"Cl",NA,"MG/L","ANION",0.1,NA
"Bissell_T",NA,2023-04-12,12H 10M 0S,"Berens","N","D","WS",2023,102,"NO3",NA,"MG/L","ANION",0.1,NA
"Bissell_T",NA,2023-04-12,12H 10M 0S,"Berens","N","D","WS",2023,102,"PO4",NA,"MG/L","ANION",0.1,NA
"Bissell_T",NA,2023-04-12,12H 10M 0S,"Berens","N","D","WS",2023,102,"SO4",NA,"MG/L","ANION",0.1,NA
"Bissell_T",NA,2023-04-12,12H 10M 0S,"Berens","N","D","WS",2023,102,"Na",NA,"MG/L","METALS",0.04,NA
"Bissell_T",NA,2023-04-12,12H 10M 0S,"Berens","N","D","WS",2023,102,"K",NA,"MG/L","METALS",0.04,NA
