UNIT_LINK,lith_rank,lith1,lith2,lith3,lith4,lith5,low_lith,lith_form,lith_com
TNOCAk;14,Major,Sedimentary,Carbonate,Limestone,,,Limestone ,,
TNOCAk;14,Major,Sedimentary,Carbonate,Dolostone,,,Dolostone ,,
TNOCAk;14,Incidental,Sedimentary,Clastic,Sandstone,,,Sandstone ,,
TNOCAk;5,Minor,Sedimentary,Carbonate,Limestone,,,Limestone ,,
TNOCAk;5,Major,Sedimentary,Carbonate,Dolostone,,,Dolostone ,,
TNOCAk;5,Minor,Sedimentary,Clastic,Mudstone,Shale,,Shale ,,
TNOch;10,Incidental,Sedimentary,Clastic,Siltstone,,,Siltstone ,,
TNOch;10,Incidental,Sedimentary,Clastic,Sandstone,,,Sandstone ,,
TNOch;10,Minor,Sedimentary,Clastic,Mudstone,Shale,,Shale ,,
TNOch;10,Major,Sedimentary,Carbonate,Limestone,,,Limestone ,,
TNOch;13,Major,Sedimentary,Carbonate,Limestone,,,Limestone ,,
TNOh;10,Major,Sedimentary,Carbonate,Limestone,,,Limestone, ,
TNOh;10,Minor,Sedimentary,Clastic,Mudstone,Shale,,Shale,Calcareous ,
TNOh;14,Minor,Sedimentary,Clastic,Mudstone,Shale,,Shale,Calcareous ,
TNOh;14,Major,Sedimentary,Carbonate,Limestone,,,Limestone, ,
TNOj;14,Major,Sedimentary,Clastic,Mudstone,Claystone,,Claystone, ,
TNOj;14,Major,Sedimentary,Clastic,Siltstone,,,Siltstone, ,
TNOj;14,Major,Sedimentary,Clastic,Mudstone,Shale,,Shale, ,
TNOjb;14,Major,Sedimentary,Carbonate,Limestone,,,Limestone, ,
TNOjb;14,Major,Sedimentary,Carbonate,Dolostone,,,Dolostone, ,
TNOjb;14,Incidental,Sedimentary,Clastic,Sandstone,,,Sandstone, ,
TNOk;10,Major,Sedimentary,Carbonate,Dolostone,,,Dolostone, ,
TNOk;10,Minor,Sedimentary,Carbonate,Limestone,,,Limestone, ,
TNOk;14,Major,Sedimentary,Carbonate,Dolostone,,,Dolostone, ,
TNOk;14,Minor,Sedimentary,Carbonate,Limestone,,,Limestone, ,
TNOl;10,Major,Sedimentary,Carbonate,Limestone,,,Limestone, ,
TNOl;10,Incidental,Sedimentary,Clastic,Conglomerate,,,Conglomerate,, 
TNOl;10,Incidental,Unconsolidated,Coarse-detrital,Sand,,,Sand,, 
TNOl;14,Major,Sedimentary,Carbonate,Limestone,,,Limestone,, 
TNOl;14,Incidental,Sedimentary,Clastic,Conglomerate,,,Conglomerate,, 
TNOl;14,Incidental,Unconsolidated,Coarse-detrital,Sand,,,Sand,, 
TNOlb;6,Major,Sedimentary,Carbonate,Limestone,,,Limestone,, 
TNOlb;6,Incidental,Sedimentary,Clastic,Mudstone,Shale,,Shale,,shale partings 
TNOlb;8,Major,Sedimentary,Carbonate,Limestone,,,Limestone,, 
TNOlb;8,Incidental,Sedimentary,Clastic,Mudstone,Shale,,Shale,,shale partings 
TNOlc;10,Major,Sedimentary,Carbonate,Dolostone,,,Dolostone,, 
TNOlc;10,Major,Sedimentary,Carbonate,Limestone,,,Limestone,, 
TNOlc;10,Incidental,Sedimentary,Clastic,Sandstone,,,Sandstone,, 
TNOlc;14,Major,Sedimentary,Carbonate,Limestone,,,Limestone,, 
TNOlc;14,Major,Sedimentary,Carbonate,Dolostone,,,Dolostone,, 
TNOlc;14,Incidental,Sedimentary,Clastic,Sandstone,,,Sandstone,, 
TNOlv;10,Major,Sedimentary,Carbonate,Dolostone,,,Dolostone,, 
TNOlv;10,Minor,Sedimentary,Carbonate,Limestone,,,Limestone,, 
TNOlv;14,Minor,Sedimentary,Carbonate,Limestone,,,Limestone,, 
TNOlv;14,Major,Sedimentary,Carbonate,Dolostone,,,Dolostone,, 
TNOma;10,Minor,Sedimentary,Carbonate,Limestone,,,Limestone,, 
TNOma;10,Major,Sedimentary,Carbonate,Dolostone,,,Dolostone,, 
TNOma;10,Incidental,Sedimentary,Clastic,Sandstone,,,Sandstone,, 
TNOma;14,Major,Sedimentary,Carbonate,Dolostone,,,Dolostone,, 
TNOma;14,Minor,Sedimentary,Carbonate,Limestone,,,Limestone,, 
TNOma;14,Incidental,Sedimentary,Clastic,Sandstone,,,Sandstone,, 
TNOmb;14,Major,Sedimentary,Clastic,Mudstone,Shale,,Shale,, 
TNOmb;14,Major,Sedimentary,Carbonate,Limestone,,,Limestone,, 
TNOmb;14,Incidental,Sedimentary,Clastic,Mudstone,Claystone,Bentonite,Bentonite,,metabentonite 
TNOmlc;10,Major,Sedimentary,Clastic,Mudstone,Shale,,Shale,, 
TNOmlc;10,Incidental,Sedimentary,Clastic,Siltstone,,,Siltstone,, 
TNOmlc;10,Incidental,Sedimentary,Clastic,Sandstone,,,Sandstone,, 
TNOmlc;10,Major,Sedimentary,Carbonate,Limestone,,,Limestone,, 
TNOmlc;10,Incidental,Sedimentary,Clastic,Mudstone,Claystone,Bentonite,Bentonite,,metabentonite 
TNOmlc;10,Incidental,Sedimentary,Clastic,Mudstone,Claystone,,Claystone,, 
TNOmlc;10,Incidental,Sedimentary,Clastic,Conglomerate,,,Conglomerate,, 
TNOmlc;14,Major,Sedimentary,Carbonate,Limestone,,,Limestone,, 
TNOmlc;14,Incidental,Sedimentary,Clastic,Siltstone,,,Siltstone,, 
TNOmlc;14,Major,Sedimentary,Clastic,Mudstone,Shale,,Shale,, 
TNOmlc;14,Incidental,Sedimentary,Clastic,Mixed-clastic,,,Mixed-clastic,, 
TNOmlc;14,Incidental,Sedimentary,Clastic,Mudstone,Claystone,Bentonite,Bentonite,,metabentonite 
TNOmlc;14,Incidental,Sedimentary,Clastic,Mudstone,Claystone,,Claystone,, 
TNOmlc;14,Incidental,Sedimentary,Clastic,Conglomerate,,,Conglomerate,, 
TNOn;10,Minor,Sedimentary,Clastic,Sandstone,,,Sandstone,, 
TNOn;10,Major,Sedimentary,Carbonate,Dolostone,,,Dolostone,, 
TNOn;10,Major,Sedimentary,Carbonate,Limestone,,,Limestone,, 
TNOn;14,Incidental,Sedimentary,Clastic,Sandstone,,,Sandstone,, 
TNOn;14,Major,Sedimentary,Carbonate,Dolostone,,,Dolostone,, 
TNOn;14,Minor,Sedimentary,Carbonate,Limestone,,,Limestone,, 
TNOnc;10,Major,Sedimentary,Carbonate,Dolostone,,,Dolostone,, 
TNOnc;10,Major,Sedimentary,Carbonate,Limestone,,,Limestone,, 
TNOnc;10,Minor,Sedimentary,Clastic,Sandstone,,,Sandstone,, 
TNOnc;14,Major,Sedimentary,Carbonate,Limestone,,,Limestone,, 
TNOnc;14,Major,Sedimentary,Carbonate,Dolostone,,,Dolostone,, 
TNOnc;14,Incidental,Sedimentary,Clastic,Sandstone,,,Sandstone,, 
TNOnc;8,Major,Sedimentary,Carbonate,Limestone,,,Limestone,, 
TNOnc;8,Major,Sedimentary,Carbonate,Dolostone,,,Dolostone,, 
TNOnc;8,Minor,Sedimentary,Clastic,Mudstone,Shale,,Shale,, 
TNOnc;8,Incidental,Sedimentary,Chemical,Chert,,,Chert,,chert blocks in limestone and dolomite 
TNOo;10,Minor,Sedimentary,Carbonate,Limestone,,,Limestone,, 
TNOo;14,Minor,Sedimentary,Carbonate,Limestone,,,Limestone,, 
TNOo;14,Major,Sedimentary,Clastic,Mudstone,Shale,,Shale,Calcareous, 
TNOpm;6,Major,Sedimentary,Carbonate,Limestone,,,Limestone,, 
TNOpm;6,Incidental,Sedimentary,Clastic,Mudstone,Shale,,Shale,,shale partings 
TNOpm;8,Major,Sedimentary,Carbonate,Limestone,,,Limestone,, 
TNOrd;6,Major,Sedimentary,Carbonate,Limestone,,,Limestone,, 
TNOrd;8,Major,Sedimentary,Carbonate,Limestone,,,Limestone,,dolomitic limestone 
TNOrd;8,Minor,Sedimentary,Clastic,Mudstone,Shale,,Shale,Calcareous, 
TNOs;10,Major,Sedimentary,Carbonate,Limestone,,,Limestone,, 
TNOs;10,Minor,Sedimentary,Clastic,Mudstone,Shale,,Shale,, 
TNOs;14,Major,Sedimentary,Carbonate,Limestone,,,Limestone,, 
TNOs;14,Minor,Sedimentary,Clastic,Mudstone,Shale,,Shale,, 
TNOs;14,Minor,Sedimentary,Clastic,Siltstone,,,Siltstone,, 
TNOsv;10,Minor,Sedimentary,Clastic,Sandstone,,,Sandstone,, 
TNOsv;10,Minor,Sedimentary,Clastic,Siltstone,,,Siltstone,, 
TNOsv;10,Incidental,Sedimentary,Clastic,Conglomerate,,,Conglomerate,, 
TNOsv;10,Major,Sedimentary,Clastic,Mudstone,Shale,,Shale,, 
TNOsv;10,Minor,Sedimentary,Carbonate,Limestone,,,Limestone,, 
TNOsv;14,Minor,Sedimentary,Clastic,Sandstone,,,Sandstone,, 
TNOsv;14,Minor,Sedimentary,Clastic,Siltstone,,,Siltstone,, 
TNOsv;14,Incidental,Sedimentary,Clastic,Conglomerate,,,Conglomerate,, 
TNOsv;14,Major,Sedimentary,Clastic,Mudstone,Shale,,Shale,, 
TNOsv;14,Minor,Sedimentary,Carbonate,Limestone,,,Limestone,, 
TNOu;6,Major,Sedimentary,Clastic,Mudstone,Shale,,Shale,, 
TNOu;6,Major,Sedimentary,Carbonate,Limestone,,,Limestone,, 
TNOu;8,Minor,Sedimentary,Clastic,Mudstone,Shale,,Shale,Calcareous, 
TNOu;8,Incidental,Sedimentary,Clastic,Mudstone,,,Mudstone,, 
TNOu;8,Major,Sedimentary,Carbonate,Limestone,,,Limestone,,locally dolomitic 
TNPAcf;12,Minor,Sedimentary,Clastic,Siltstone,,,Siltstone,, 
TNPAcf;12,Major,Sedimentary,Clastic,Sandstone,,,Sandstone,, 
TNPAcf;12,Major,Sedimentary,Clastic,Mudstone,Shale,,Shale,, 
TNPAcf;12,Incidental,Sedimentary,Coal,,,,Coal,, 
TNPAcf;8,Incidental,Sedimentary,Clastic,Siltstone,,,Siltstone,, 
TNPAcf;8,Major,Sedimentary,Clastic,Sandstone,,,Sandstone,, 
TNPAcf;8,Major,Sedimentary,Clastic,Mudstone,Shale,,Shale,, 
TNPAcf;8,Incidental,Sedimentary,Clastic,Conglomerate,,,Conglomerate ,,
TNPAcf;8,Incidental,Sedimentary,Coal,,,,Coal ,,
TNPAcg;12,Incidental,Sedimentary,Coal,,,,Coal ,,
TNPAcg;12,Incidental,Sedimentary,Clastic,Siltstone,,,Siltstone ,,
TNPAcg;12,Major,Sedimentary,Clastic,Sandstone,,,Sandstone ,,
TNPAcg;12,Minor,Sedimentary,Clastic,Conglomerate,,,Conglomerate ,,
TNPAcg;12,Minor,Sedimentary,Clastic,Mudstone,Shale,,Shale ,,
TNPAcg;8,Minor,Sedimentary,Clastic,Conglomerate,,,Conglomerate ,,
TNPAcg;8,Major,Sedimentary,Clastic,Sandstone,,,Sandstone ,,
TNPAcg;8,Incidental,Sedimentary,Clastic,Siltstone,,,Siltstone ,,
TNPAcg;8,Minor,Sedimentary,Clastic,Mudstone,Shale,,Shale ,,
TNPAcg;8,Incidental,Sedimentary,Coal,,,,Coal ,,
TNPAcm;12,Major,Sedimentary,Clastic,Mudstone,Shale,,Shale ,,
TNPAcm;12,Minor,Sedimentary,Clastic,Sandstone,,,Sandstone ,,
TNPAcm;12,Minor,Sedimentary,Clastic,Siltstone,,,Siltstone ,,
TNPAcm;12,Incidental,Sedimentary,Coal,,,,Coal ,,
TNPAcm;8,Major,Sedimentary,Clastic,Mudstone,Shale,,Shale,, 
TNPAcm;8,Minor,Sedimentary,Clastic,Sandstone,,,Sandstone,, 
TNPAcm;8,Minor,Sedimentary,Clastic,Siltstone,,,Siltstone,, 
TNPAcm;8,Incidental,Sedimentary,Coal,,,,Coal,, 
TNPAco;3,Major,Sedimentary,Clastic,Conglomerate,,,Conglomerate,, 
TNPAco;3,Major,Sedimentary,Clastic,Sandstone,,,Sandstone,, 
TNPAco;8,Incidental,Sedimentary,Coal,,,,Coal,, 
TNPAco;8,Major,Sedimentary,Clastic,Conglomerate,,,Conglomerate,, 
TNPAco;8,Minor,Sedimentary,Clastic,Sandstone,,,Sandstone,, 
TNPAco;8,Minor,Sedimentary,Clastic,Siltstone,,,Siltstone,, 
TNPAco;8,Minor,Sedimentary,Clastic,Mudstone,Shale,,Shale,, 
TNPAf;8,Major,Sedimentary,Clastic,Mudstone,Shale,,Shale,, 
TNPAf;8,Minor,Sedimentary,Clastic,Siltstone,,,Siltstone,, 
TNPAf;8,Minor,Sedimentary,Clastic,Sandstone,,,Sandstone,, 
TNPAg;3,Major,Sedimentary,Clastic,Sandstone,,,Sandstone,,locally conglomeratic 
TNPAg;3,Minor,Sedimentary,Clastic,Siltstone,,,Siltstone ,,
TNPAg;3,Major,Sedimentary,Clastic,Mudstone,Shale,,Shale ,,
TNPAg;3,Incidental,Sedimentary,Coal,,,,Coal ,,
TNPAg;8,Minor,Sedimentary,Clastic,Mudstone,Shale,,Shale ,,
TNPAib;12,Major,Sedimentary,Clastic,Mudstone,Shale,,Shale ,,
TNPAg;8,Minor,Sedimentary,Clastic,Siltstone,,,Siltstone ,,
TNPAg;8,Major,Sedimentary,Clastic,Sandstone,,,Sandstone ,,
TNPAg;8,Incidental,Sedimentary,Clastic,Conglomerate,,,Conglomerate ,,
TNPAg;8,Incidental,Sedimentary,Coal,,,,Coal ,,
TNPAgg;12,Incidental,Sedimentary,Coal,,,,Coal ,,
TNPAgg;12,Minor,Sedimentary,Clastic,Siltstone,,,Siltstone ,,
TNPAgg;12,Minor,Sedimentary,Clastic,Sandstone,,,Sandstone ,,
TNPAgg;12,Major,Sedimentary,Clastic,Mudstone,Shale,,Shale ,,
TNPAgg;8,Incidental,Sedimentary,Coal,,,,Coal ,,
TNPAgg;8,Major,Sedimentary,Clastic,Mudstone,Shale,,Shale ,,
TNPAgg;8,Minor,Sedimentary,Clastic,Sandstone,,,Sandstone ,,
TNPAgg;8,Minor,Sedimentary,Clastic,Siltstone,,,Siltstone ,,
TNPAib;12,Minor,Sedimentary,Clastic,Sandstone,,,Sandstone ,,
TNPAib;12,Minor,Sedimentary,Clastic,Siltstone,,,Siltstone ,,
TNPAib;12,Incidental,Sedimentary,Coal,,,,Coal ,,
TNPAib;8,Minor,Sedimentary,Clastic,Sandstone,,,Sandstone ,,
TNPAib;8,Major,Sedimentary,Clastic,Mudstone,Shale,,Shale ,,
TNPAib;8,Minor,Sedimentary,Clastic,Siltstone,,,Siltstone ,,
TNPAib;8,Incidental,Sedimentary,Coal,,,,Coal ,,
TNPAr;8,Major,Sedimentary,Clastic,Sandstone,,,Sandstone ,,
TNPAr;8,Incidental,Sedimentary,Clastic,Mudstone,Shale,,Shale ,,
TNPAr;8,Incidental,Sedimentary,Coal,,,,Coal ,,
TNPAr;8,Major,Sedimentary,Clastic,Conglomerate,,,Conglomerate ,,
TNPArm;12,Minor,Sedimentary,Clastic,Siltstone,,,Siltstone ,,
TNPArm;12,Minor,Sedimentary,Clastic,Sandstone,,,Sandstone ,,
TNPArm;12,Major,Sedimentary,Clastic,Mudstone,Shale,,Shale ,,
TNPArm;12,Incidental,Sedimentary,Coal,,,,Coal ,,
TNPArm;8,Major,Sedimentary,Clastic,Mudstone,Shale,,Shale,, 
TNPArm;8,Minor,Sedimentary,Clastic,Sandstone,,,Sandstone,, 
TNPArm;8,Minor,Sedimentary,Coal,,,,Coal,,includes several important coals from Pewee coal to Windrock coal 
TNPArm;8,Minor,Sedimentary,Clastic,Siltstone,,,Siltstone,, 
TNPAsl;12,Minor,Sedimentary,Coal,,,,Coal,,several important coals 
TNPAsl;12,Major,Sedimentary,Clastic,Mudstone,Shale,,Shale,, 
TNPAsl;12,Minor,Sedimentary,Clastic,Sandstone,,,Sandstone,, 
TNPAsl;12,Minor,Sedimentary,Clastic,Siltstone,,,Siltstone,, 
TNPAsl;8,Major,Sedimentary,Clastic,Mudstone,Shale,,Shale,, 
TNPAsl;8,Minor,Sedimentary,Clastic,Sandstone,,,Sandstone,, 
TNPAsl;8,Minor,Sedimentary,Clastic,Siltstone,,,Siltstone,, 
TNPAvm;12,Minor,Sedimentary,Coal,,,,Coal,, 
TNPAvm;12,Major,Sedimentary,Clastic,Mudstone,Shale,,Shale,, 
TNPAvm;12,Minor,Sedimentary,Clastic,Sandstone,,,Sandstone,, 
TNPAvm;12,Minor,Sedimentary,Clastic,Siltstone,,,Siltstone,, 
TNPAvm;8,Minor,Sedimentary,Coal,,,,Coal,, 
TNPAvm;8,Minor,Sedimentary,Clastic,Sandstone,,,Sandstone,, 
TNPAvm;8,Minor,Sedimentary,Clastic,Siltstone,,,Siltstone,, 
TNPAvm;8,Major,Sedimentary,Clastic,Mudstone,Shale,,Shale,, 
TNpCAb;15,Major,Igneous,Plutonic,Granitic,Granite,,Granite,, 
TNpCAb;15,Minor,Igneous,Plutonic,Granitic,Leucocratic-granitic,Pegmatite,Pegmatite,, 
TNpCAba;15,Major,Metamorphic,Metaigneous,Metaintrusive,Metagabbro,,Metagabbro,, 
TNpCAba;15,Minor,Igneous,Plutonic,Dioritic,Diorite,,Diorite,, 
TNpCAba;15,Minor,Igneous,Plutonic,Anorthosite,,,Anorthosite,, 
TNpCAba;15,Minor,Igneous,Volcanic,Mafic-volcanic,Basalt,,Basalt,Diabase, 
TNpCAc;15,Minor,Igneous,Plutonic,Dioritic,Diorite,,Diorite,, 
TNpCAc;15,Minor,Igneous,Plutonic,Dioritic,Monzodiorite,,Monzodiorite,, 
TNpCAc;15,Minor,Metamorphic,Migmatite,,,,Migmatite,, 
TNpCAc;15,Minor,Metamorphic,Schist,,,,Schist,,"mica schist, hornblende schist "
TNpCAc;15,Minor,Metamorphic,Gneiss,,,,Gneiss,,granitic gneisses 
TNpCAc;15,Minor,Metamorphic,Metaigneous,Greenstone,,,Greenstone,, 
TNpCAc;15,Incidental,Igneous,Plutonic,Granitic,Leucocratic-granitic,Pegmatite,Pegmatite,, 
TNpCAca;15,Major,Metamorphic,Metasedimentary,Metaclastic,Metasandstone,,Metasandstone,,metasandstone 
TNpCAca;15,Minor,Metamorphic,Metasedimentary,Metaclastic,Metasiltstone,,Metasiltstone,,metasiltstone 
TNpCAca;15,Minor,Metamorphic,Metasedimentary,Metaclastic,Slate,,Slate,, 
TNpCAg;11,Minor,Sedimentary,Clastic,Conglomerate,,,Conglomerate,, 
TNpCAg;11,Major,Sedimentary,Clastic,Sandstone,Graywacke,,Graywacke,, 
TNpCAg;11,Minor,Sedimentary,Clastic,Sandstone,Arkose,,Arkose,, 
TNpCAg;11,Minor,Sedimentary,Clastic,Sandstone,,,Sandstone,, 
TNpCAg;11,Minor,Metamorphic,Metasedimentary,Metaclastic,Slate,,Slate,, 
TNPCAg;15,Minor,Sedimentary,Clastic,Sandstone,,,Sandstone,, 
TNPCAg;15,Major,Sedimentary,Clastic,Sandstone,Graywacke,,Graywacke,, 
TNPCAg;15,Minor,Sedimentary,Clastic,Sandstone,Arkose,,Arkose,, 
TNPCAg;15,Minor,Sedimentary,Clastic,Conglomerate,,,Conglomerate,, 
TNPCAg;15,Minor,Metamorphic,Metasedimentary,Metaclastic,Slate,,Slate,, 
TNSrc;12,Major,Sedimentary,Clastic,Mudstone,Shale,,Shale, ,
TNSc;12,Minor,Sedimentary,Clastic,Mudstone,Shale,,Shale,, 
TNTcw;1,Incidental,Sedimentary,Coal,Lignite,,,Lignite, ,
TNTcw;1,Major,Unconsolidated,Coarse-detrital,Sand,,,Sand,, 
TNTcw;1,Minor,Unconsolidated,Fine-detrital,Clay,,,Clay,,"silty clay, lignitic clay "
TNTj;1,Major,Unconsolidated,Coarse-detrital,Sand,,,Sand,, 
TNTj;1,Minor,Unconsolidated,Fine-detrital,Clay,,,Clay,, 
TNTj;1,Minor,Unconsolidated,Fine-detrital,Silt,,,Silt,, 
TNTm;1,Major,Unconsolidated,Fine-detrital,Clay,,,Clay,,glauconitic clay 
TNTm;1,Minor,Unconsolidated,Coarse-detrital,Sand,,,Sand,,"glauconitic sand, locally fossiliferous "
TNSc;12,Major,Sedimentary,Clastic,Sandstone,,,Sandstone,, 
TNSc;12,Minor,Sedimentary,Clastic,Siltstone,,,Siltstone,, 
TNSr;10,Minor,Sedimentary,Clastic,Sandstone,,,Sandstone, ,
TNSr;10,Minor,Sedimentary,Clastic,Siltstone,,,Siltstone, ,
TNSr;10,Major,Sedimentary,Clastic,Mudstone,Shale,,Shale, ,
TNSr;10,"Indeterminate, major",Sedimentary,Clastic,Mudstone,Shale,,Shale,Calcareous ,
TNSr;10,"Indeterminate, major",Sedimentary,Clastic,Siltstone,,,Siltstone,Calcareous ,
TNSr;10,Major,Sedimentary,Carbonate,Limestone,,,Limestone, ,
TNSr;12,Major,Sedimentary,Clastic,Mudstone,Shale,,Shale, ,
TNSr;12,Minor,Sedimentary,Clastic,Siltstone,,,Siltstone, ,
TNSr;12,Minor,Sedimentary,Clastic,Sandstone,,,Sandstone, ,
TNSrc;10,Major,Sedimentary,Clastic,Mudstone,Shale,,Shale, ,
TNSrc;10,Minor,Sedimentary,Clastic,Siltstone,,,Siltstone, ,
TNSrc;10,Major,Sedimentary,Clastic,Sandstone,,,Sandstone, ,
TNSrc;12,Major,Sedimentary,Clastic,Sandstone,,,Sandstone, ,
TNTm;1,Incidental,Sedimentary,Carbonate,Limestone,,,Limestone,,impure fossiliferous limestone 
TNOch;13,Minor,Sedimentary,Clastic,,,,Clastic, ,
TND;4,Minor,Sedimentary,Chemical,Chert,,,Chert,, 
TNOo;10,Major,Sedimentary,Clastic,Mudstone,Shale,,Shale,Calcareous, 
TNSrc;12,Minor,Sedimentary,Clastic,Siltstone,,,Siltstone, ,
TNPAf;8,Incidental,Sedimentary,Coal,,,,Coal,, 
TNOs;10,Minor,Sedimentary,Clastic,Siltstone,,,Siltstone,, 
TNwater;0,Major,Water,,,,,Water,, 
TNMDSO;10,Minor,Sedimentary,Chemical,Chert,,,Chert,, 
TNMsw;8,Minor,Sedimentary,Clastic,Sandstone,,,Sandstone,, 
TNPAsl;8,Minor,Sedimentary,Coal,,,,Coal,, 
TNTj;1,Minor,Sedimentary,Coal,Lignite,,,Lignite,, 
TNCAc;11,Major,Sedimentary,Clastic,Mudstone,Shale,,Shale,, 
TNCAc;11,Minor,Sedimentary,Carbonate,Limestone,,,Limestone,, 
TNCAc;11,Incidental,Sedimentary,Clastic,Siltstone,,,Siltstone,, 
TNCAc;11,Minor,Sedimentary,Clastic,Sandstone,,,Sandstone,, 
TNCAc;11,Minor,Sedimentary,Carbonate,Dolostone,,,Dolostone,, 
TNCAc;13,Major,Sedimentary,Carbonate,Dolostone,,,Dolostone,, 
TNCAc;13,Major,Sedimentary,Clastic,Mudstone,Shale,,Shale,, 
TNCAc;14,Major,Sedimentary,Carbonate,Limestone,,,Limestone,, 
TNCAc;14,Minor,Sedimentary,Carbonate,Dolostone,,,Dolostone,, 
TNCAc;14,Major,Sedimentary,Clastic,Mudstone,Shale,,Shale,, 
TNCAc;14,Minor,Sedimentary,Clastic,Sandstone,,,Sandstone,, 
TNCAcc;14,Minor,Sedimentary,Carbonate,Dolostone,,,Dolostone,, 
TNCAcc;14,Major,Sedimentary,Carbonate,Limestone,,,Limestone,, 
TNCAch;11,Incidental,Sedimentary,Clastic,Siltstone,,,Siltstone,, 
TNCAch;11,Incidental,Sedimentary,Clastic,Mudstone,Shale,,Shale,, 
TNCAch;11,Minor,Sedimentary,Clastic,Sandstone,Arkose,,Arkose ,,
TNCAch;11,Major,Sedimentary,Clastic,Conglomerate,,,Conglomerate ,,
TNCAch;11,Minor,Sedimentary,Clastic,Sandstone,,,Sandstone ,,
TNCAch;14,Incidental,Sedimentary,Clastic,Siltstone,,,Siltstone ,,
TNCAch;14,Major,Sedimentary,Clastic,Conglomerate,,,Conglomerate ,,
TNCAch;14,Minor,Sedimentary,Clastic,Sandstone,Arkose,,Arkose ,,
TNCAch;14,Incidental,Sedimentary,Clastic,Mudstone,Shale,,Shale ,,
TNCAch;14,Minor,Sedimentary,Clastic,Sandstone,,,Sandstone ,,
TNCAchi;14,Minor,Metamorphic,Quartzite,,,,Quartzite ,,
TNCAchi;14,Major,Sedimentary,Clastic,Mudstone,Shale,,Shale ,,
TNCAchi;14,Minor,Sedimentary,Clastic,Siltstone,,,Siltstone ,,
TNCAchi;14,Minor,Sedimentary,Clastic,Sandstone,,,Sandstone ,,
TNCAchi;14,Incidental,Sedimentary,Clastic,Sandstone,Arkose,,Arkose ,,
TNCAchi;14,Minor,Sedimentary,Clastic,Conglomerate,,,Conglomerate ,,
TNCAchi;14,Incidental,Igneous,Volcanic,Mafic-volcanic,Basalt,,Basalt ,,
TNCAcl;11,Incidental,Sedimentary,Carbonate,Dolostone,,,Dolostone ,,
TNCAcl;11,Minor,Sedimentary,Carbonate,Limestone,,,Limestone ,,
TNCAcl;11,Major,Sedimentary,Clastic,Mudstone,Shale,,Shale ,,
TNCAcl;11,Incidental,Sedimentary,Clastic,Siltstone,,,Siltstone ,,
TNCAcl;14,Minor,Sedimentary,Clastic,Mudstone,Shale,,Shale ,,
TNCAcl;14,Major,Sedimentary,Carbonate,Limestone,,,Limestone ,,
TNCAcl;14,Major,Sedimentary,Carbonate,Dolostone,,,Dolostone ,,
TNCAcl;14,Incidental,Sedimentary,Clastic,Siltstone,,,Siltstone ,,
TNCAcl;14,Incidental,Sedimentary,Clastic,Conglomerate,,,Conglomerate ,,
TNCAcr;10,Major,Sedimentary,Carbonate,Dolostone,,,Dolostone ,,
TNCAcr;10,Minor,Sedimentary,Chemical,Chert,,,Chert ,,
TNCAcr;14,Minor,Sedimentary,Chemical,Chert,,,Chert ,,
TNCAcr;14,Major,Sedimentary,Carbonate,Dolostone,,,Dolostone ,,
TNCAcu;14,Major,Sedimentary,Carbonate,Dolostone,,,Dolostone ,,
TNCAcu;14,Minor,Sedimentary,Carbonate,Limestone,,,Limestone ,,
TNCAcu;14,Incidental,Sedimentary,Clastic,Siltstone,,,Siltstone ,,
TNCAcu;14,Minor,Sedimentary,Clastic,Mudstone,Shale,,Shale ,,
TNCAe;14,Major,Metamorphic,Quartzite,,,,Quartzite,, 
TNCAe;14,Minor,Sedimentary,Clastic,Sandstone,,,Sandstone,, 
TNCAe;14,Minor,Sedimentary,Clastic,Siltstone,,,Siltstone,, 
TNCAe;14,Minor,Sedimentary,Clastic,Mudstone,Shale,,Shale,, 
TNCAh;14,Major,Sedimentary,Clastic,Mudstone,Shale,,Shale,, 
TNCAh;14,Major,Sedimentary,Clastic,Sandstone,,,Sandstone,, 
TNig;15,Major,Igneous,Plutonic,Ultramafic,Peridotite,,Peridotite,Dike or sill,mica peridotite 
TNCAhe;11,Minor,Sedimentary,Clastic,Mudstone,Shale,,Shale,,Helenmode member of Hesse Sandstone of Chilhowee Group 
TNCAhe;11,Minor,Sedimentary,Clastic,Sandstone,,,Sandstone,,Helenmode member of Hesse Sandstone of Chilhowee Group 
TNCAhe;11,Major,Metamorphic,Metasedimentary,Metaclastic,Quartzite,,Quartzite,,Hesse Sandstone of Chilhowee Group 
TNCAhe;14,Minor,Sedimentary,Clastic,Mudstone,Shale,,Shale,, 
TNCAhe;14,Minor,Sedimentary,Clastic,Sandstone,,,Sandstone,, 
TNCAhe;14,Major,Metamorphic,Quartzite,,,,Quartzite,, 
TNCAhk;14,Major,Sedimentary,Carbonate,Dolostone,,,Dolostone,, 
TNCAhk;14,Minor,Sedimentary,Carbonate,Limestone,,,Limestone,, 
TNCAm;14,Incidental,Sedimentary,Carbonate,Dolostone,,,Dolostone,, 
TNCAm;14,Major,Sedimentary,Carbonate,Limestone,,,Limestone,, 
TNCAm;14,Minor,Sedimentary,Clastic,Conglomerate,,,Conglomerate ,,
TNCAmn;11,Major,Sedimentary,Carbonate,Limestone,,,Limestone ,,
TNCAmn;11,Minor,Sedimentary,Carbonate,Dolostone,,,Dolostone ,,
TNCAmn;14,Minor,Sedimentary,Carbonate,Dolostone,,,Dolostone ,,
TNCAmn;14,Major,Sedimentary,Carbonate,Limestone,,,Limestone ,,
TNCAmr;11,Major,Sedimentary,Carbonate,Limestone,,,Limestone ,,
TNCAmr;11,Minor,Sedimentary,Carbonate,Dolostone,,,Dolostone ,,
TNCAmr;11,Major,Sedimentary,Clastic,Mudstone,Shale,,Shale ,,
TNCAmr;14,Major,Sedimentary,Carbonate,Limestone,,,Limestone ,,
TNCAmr;14,Incidental,Sedimentary,Clastic,Conglomerate,,,Conglomerate ,,
TNCAmr;14,Major,Sedimentary,Clastic,Mudstone,Shale,,Shale ,,
TNCAmr;14,Minor,Sedimentary,Carbonate,Dolostone,,,Dolostone ,,
TNCAmu;11,Major,Sedimentary,Clastic,Mudstone,Shale,,Shale ,,
TNCAmu;14,Major,Sedimentary,Clastic,Mudstone,Shale,,Shale ,,
TNCAn;11,Major,Sedimentary,Clastic,Mudstone,Shale,,Shale ,,
TNCAn;11,Minor,Sedimentary,Clastic,Siltstone,,,Siltstone ,,
TNCAn;11,Minor,Sedimentary,Carbonate,Limestone,,,Limestone ,,
TNCAn;14,Minor,Sedimentary,Carbonate,Limestone,,,Limestone ,,
TNCAn;14,Major,Sedimentary,Clastic,Mudstone,Shale,,Shale ,,
TNCAn;14,Minor,Sedimentary,Clastic,Siltstone,,,Siltstone ,,
TNCAnb;11,Major,Metamorphic,Quartzite,,,,Quartzite ,,
TNCAnb;14,Major,Metamorphic,Quartzite,,,,Quartzite ,,
TNCAni;11,Minor,Metamorphic,Quartzite,,,,Quartzite ,,
TNCAni;11,Major,Sedimentary,Clastic,Mudstone,Shale,,Shale ,,
TNCAni;11,Major,Sedimentary,Clastic,Siltstone,,,Siltstone ,,
TNCAni;14,Minor,Metamorphic,Quartzite,,,,Quartzite ,,
TNCAni;14,Major,Sedimentary,Clastic,Mudstone,Shale,,Shale ,,
TNCAni;14,Major,Sedimentary,Clastic,Siltstone,,,Siltstone ,,
TNCApv;14,Minor,Sedimentary,Clastic,Siltstone,,,Siltstone ,,
TNCApv;14,Major,Sedimentary,Clastic,Mudstone,Shale,,Shale ,,
TNCAr;11,Minor,Sedimentary,Clastic,Siltstone,,,Siltstone ,,
TNCAr;11,Minor,Sedimentary,Clastic,Sandstone,,,Sandstone ,,
TNCAr;11,Major,Sedimentary,Clastic,Mudstone,Shale,,Shale ,,
TNCAr;14,Major,Sedimentary,Clastic,Mudstone,Shale,,Shale ,,
TNCAr;14,Minor,Sedimentary,Clastic,Siltstone,,,Siltstone ,,
TNCAr;14,Minor,Sedimentary,Clastic,Sandstone,,,Sandstone ,,
TNCAr;14,Minor,Sedimentary,Carbonate,Dolostone,,,Dolostone ,,
TNCAr;14,Minor,Sedimentary,Carbonate,Limestone,,,Limestone ,,
TNCArg;14,Major,Sedimentary,Clastic,Mudstone,Shale,,Shale ,,
TNCArg;14,Incidental,Sedimentary,Carbonate,Limestone,,,Limestone ,,
TNCArt;14,Minor,Sedimentary,Carbonate,Dolostone,,,Dolostone ,,
TNCArt;14,Major,Sedimentary,Carbonate,Limestone,,,Limestone ,,
TNCAs;11,Minor,Sedimentary,Clastic,Mudstone,Shale,,Shale ,,
TNCAs;11,Major,Sedimentary,Carbonate,Dolostone,,,Dolostone ,,
TNCAs;11,Major,Sedimentary,Carbonate,Limestone,,,Limestone ,,
TNCAs;14,Major,Sedimentary,Carbonate,Dolostone,,,Dolostone ,,
TNCAs;14,Major,Sedimentary,Carbonate,Limestone,,,Limestone ,,
TNCAs;14,Incidental,Unconsolidated,Fine-detrital,Clay,,,Clay ,,
TNCAu;14,Minor,Sedimentary,Clastic,Sandstone,,,Sandstone,, 
TNCAu;14,Minor,Sedimentary,Clastic,Sandstone,Arkose,,Arkose,, 
TNCAu;14,Minor,Sedimentary,Clastic,Sandstone,Graywacke,,Graywacke,, 
TNCAu;14,Minor,Sedimentary,Clastic,Conglomerate,,,Conglomerate,, 
TNCAu;14,Minor,Sedimentary,Clastic,Siltstone,,,Siltstone,, 
TNCAu;14,Minor,Sedimentary,Clastic,Mudstone,Shale,,Shale,, 
TNCAu;14,Incidental,Igneous,Volcanic,Mafic-volcanic,Basalt,,Basalt,, 
TND;2,Minor,Sedimentary,Chemical,Chert,,,Chert,,novaculitic chert 
TND;2,Incidental,Sedimentary,Clastic,Mudstone,Shale,,Shale,, 
TND;2,Major,Sedimentary,Carbonate,Limestone,,,Limestone,, 
TND;2,Incidental,Sedimentary,Clastic,Sandstone,,,Sandstone,, 
TND;2,Minor,Unconsolidated,Fine-detrital,Clay,,,Clay,,tripolitic clay 
TND;4,Major,Sedimentary,Carbonate,Limestone,,,Limestone,, 
TND;4,Incidental,Sedimentary,Clastic,Sandstone,,,Sandstone,, 
TND;4,Incidental,Sedimentary,Clastic,Mudstone,Shale,,Shale,, 
TND;4,Minor,Unconsolidated,Fine-detrital,Clay,,,Clay,, 
TNDSs;12,Major,Sedimentary,Carbonate,Limestone,,,Limestone,, 
TNDSs;12,Major,Sedimentary,Carbonate,Dolostone,,,Dolostone,, 
TNDSs;12,Minor,Sedimentary,Clastic,Mudstone,Shale,,Shale,, 
TNDSs;12,Minor,Sedimentary,Clastic,Sandstone,,,Sandstone,, 
TNig;11,Major,Metamorphic,Metaigneous,Metaintrusive,Metadiorite,,Metadiorite,,metadiorite 
TNig;11,Major,Metamorphic,Metaigneous,Metaintrusive,Metagabbro,,Metagabbro,,metagabbro 
TNig;15,Minor,Metamorphic,Metaigneous,Metaintrusive,Metagabbro,,Metagabbro,Dike or sill,metagabbro 
TNig;15,Minor,Metamorphic,Metaigneous,Metaintrusive,Metadiorite,,Metadiorite,Dike or sill,metadiorite 
TNKc;1,Major,Unconsolidated,Coarse-detrital,Sand,,,Sand,,"sparsely glauconitic sand, locally interbedded with laminated lignitic clay "
TNKc;1,Minor,Unconsolidated,Fine-detrital,Clay,,,Clay,, 
TNKc;3,Major,Unconsolidated,Coarse-detrital,Sand,,,Sand,,sparsely glauconitic 
TNKc;3,Minor,Unconsolidated,Fine-detrital,Clay,,,Clay,,lignitic clay 
TNKcc;1,Major,Unconsolidated,Coarse-detrital,Sand,,,Sand,, 
TNKcc;1,Incidental,Unconsolidated,Fine-detrital,Clay,,,Clay,, 
TNKd;1,Major,Unconsolidated,Marl,,,,Marl,, 
TNKe;1,Minor,Unconsolidated,Fine-detrital,Clay,,,Clay,,commonly contained carbonized or silicified wood 
TNKe;1,Major,Unconsolidated,Coarse-detrital,Sand,,,Sand,,"gluauconitic, micaceous "
TNKe;3,Minor,Unconsolidated,Fine-detrital,Clay,,,Clay,,may contain carbonized or silicified wood 
TNKe;3,Major,Unconsolidated,Coarse-detrital,Sand,,,Sand,,"glauconitic, micaceous "
TNKm;1,Minor,Unconsolidated,Fine-detrital,Clay,,,Clay,, 
TNKm;1,Major,Unconsolidated,Coarse-detrital,Sand,,,Sand,,locally contains heavy minerals 
TNKo;1,Major,Unconsolidated,Fine-detrital,Clay,,,Clay,,"glauconitic, fossiliferous clay "
TNKo;1,Minor,Unconsolidated,Coarse-detrital,Sand,,,Sand,, 
TNKs;1,Major,Unconsolidated,Coarse-detrital,Sand,,,Sand,,"quartz and glauconitic sand, argillaceous and locally fossiliferous "
TNKt;1,Minor,Unconsolidated,Coarse-detrital,Sand,,,Sand,, 
TNKt;1,Major,Unconsolidated,Coarse-detrital,Gravel,,,Gravel,,chert gravel 
TNKt;1,Minor,Unconsolidated,Fine-detrital,Silt,,,Silt,,chert gravel 
TNKt;1,Incidental,Unconsolidated,Fine-detrital,Clay,,,Clay,,chert gravel 
TNKt;3,Minor,Unconsolidated,Coarse-detrital,Sand,,,Sand,, 
TNKt;3,Major,Unconsolidated,Coarse-detrital,Gravel,,,Gravel,,chert gravel 
TNKt;3,Incidental,Unconsolidated,Fine-detrital,Clay,,,Clay,, 
TNKt;3,Minor,Unconsolidated,Fine-detrital,Silt,,,Silt,, 
TNMbh;3,Major,Sedimentary,Carbonate,Limestone,,,Limestone,, 
TNMbh;3,Minor,Sedimentary,Clastic,Sandstone,,,Sandstone,, 
TNMbh;3,Minor,Sedimentary,Clastic,Mudstone,Shale,,Shale,, 
TNMbh;8,Major,Sedimentary,Carbonate,Limestone,,,Limestone,,locally oolitic limestone 
TNMbh;8,Incidental,Sedimentary,Clastic,Sandstone,,,Sandstone,, 
TNMbh;8,Incidental,Sedimentary,Clastic,Mudstone,Shale,,Shale,, 
TNMDc;10,Major,Sedimentary,Clastic,Mudstone,Shale,Black-shale,Black-shale,carbonaceous, 
TNMDc;12,Major,Sedimentary,Clastic,Mudstone,Shale,Black-shale,Black-shale,carbonaceous, 
TNMDSO;10,Major,Sedimentary,Clastic,Mudstone,Shale,,Shale,Calcareous, 
TNMDSO;10,Incidental,Sedimentary,Clastic,Mudstone,Shale,Black-shale,Black-shale,, 
TNMDSO;10,Incidental,Sedimentary,Clastic,Siltstone,,,Siltstone,, 
TNMDSO;10,Incidental,Sedimentary,Clastic,Sandstone,,,Sandstone,, 
TNMDSO;10,Major,Sedimentary,Carbonate,Limestone,,,Limestone,, 
TNMfp;10,Major,Sedimentary,Chemical,Chert,,,Chert,, 
TNMfp;10,Minor,Sedimentary,Clastic,Mudstone,Shale,,Shale,, 
TNMfp;12,Minor,Sedimentary,Clastic,Mudstone,Shale,,Shale,, 
TNMfp;12,Major,Sedimentary,Chemical,Chert,,,Chert,, 
TNMfp;2,Incidental,Sedimentary,Carbonate,Limestone,,,Limestone,, 
TNMfp;2,Incidental,Sedimentary,Clastic,Mudstone,Shale,,Shale,, 
TNMfp;2,Minor,Sedimentary,Clastic,Siltstone,,,Siltstone,, 
TNMfp;2,Major,Sedimentary,Chemical,Chert,,,Chert,, 
TNMfp;2,Incidental,Sedimentary,Clastic,Mudstone,Shale,Black-shale,Black-shale,, 
TNMfp;3,Incidental,Sedimentary,Carbonate,Limestone,,,Limestone,,crinoidal limestone 
TNMfp;3,Major,Sedimentary,Chemical,Chert,,,Chert,, 
TNMfp;3,Minor,Sedimentary,Clastic,Siltstone,,,Siltstone,Calcareous, 
TNMfp;3,Incidental,Sedimentary,Clastic,Mudstone,Shale,,Shale,, 
TNMfp;3,Incidental,Sedimentary,Clastic,Mudstone,Shale,Black-shale,Black-shale,, 
TNMfp;8,Minor,Sedimentary,Clastic,Mudstone,Shale,,Shale,, 
TNMfp;8,Incidental,Sedimentary,Clastic,Mudstone,Shale,Black-shale,Black-shale,, 
TNMfp;8,Minor,Sedimentary,Carbonate,Limestone,,,Limestone, ,
TNMfp;8,Major,Sedimentary,Chemical,Chert,,,Chert, ,
TNMg;10,Incidental,Sedimentary,Clastic,Conglomerate,,,Conglomerate, ,
TNMg;10,Minor,Sedimentary,Clastic,Sandstone,,,Sandstone,glauconitic ,
TNMg;10,Minor,Sedimentary,Clastic,Siltstone,,,Siltstone, ,
TNMg;10,Major,Sedimentary,Clastic,Mudstone,Shale,,Shale, ,
TNMg;12,Major,Sedimentary,Clastic,Mudstone,Shale,,Shale, ,
TNMg;12,Minor,Sedimentary,Clastic,Siltstone,,,Siltstone, ,
TNMg;12,Minor,Sedimentary,Clastic,Sandstone,,,Sandstone,glauconitic ,
TNMg;12,Incidental,Sedimentary,Clastic,Conglomerate,,,Conglomerate, ,
TNMgg;10,Minor,Sedimentary,Clastic,Mudstone,Shale,,Shale, ,
TNMgg;10,Incidental,Sedimentary,Clastic,Siltstone,,,Siltstone, ,
TNMgg;10,Minor,Sedimentary,Clastic,Sandstone,,,Sandstone, ,
TNMgg;10,Major,Sedimentary,Carbonate,Limestone,,,Limestone, ,
TNMgg;12,Major,Sedimentary,Clastic,Mudstone,Shale,,Shale, ,
TNMgg;12,Minor,Sedimentary,Clastic,Siltstone,,,Siltstone, ,
TNMgg;12,Minor,Sedimentary,Clastic,Sandstone,,,Sandstone,glauconitic, 
TNMgg;12,Incidental,Sedimentary,Clastic,Conglomerate,,,Conglomerate,, 
TNMgg;12,Minor,Sedimentary,Carbonate,Limestone,,,Limestone,, 
TNMm;3,Major,Sedimentary,Carbonate,Limestone,,,Limestone,,fragmental and oolitic limestone 
TNOCAk;13,Major,Sedimentary,Carbonate,Limestone,,,Limestone ,,
TNMm;8,Major,Sedimentary,Carbonate,Limestone,,,Limestone,,fragmental and oolitic limestone 
TNMm;8,Incidental,Sedimentary,Chemical,Chert,,,Chert,,fragmental and oolitic limestone with chert at base 
TNMn;10,Minor,Sedimentary,Clastic,Sandstone,,,Sandstone,, 
TNMn;10,Minor,Sedimentary,Clastic,Siltstone,,,Siltstone,, 
TNMn;10,Minor,Sedimentary,Clastic,Mudstone,Shale,,Shale,, 
TNMn;10,Major,Sedimentary,Carbonate,Limestone,,,Limestone,, 
TNMn;12,Major,Sedimentary,Carbonate,Limestone,,,Limestone,, 
TNMn;12,Minor,Sedimentary,Clastic,Sandstone,,,Sandstone,, 
TNMn;12,Minor,Sedimentary,Clastic,Mudstone,Shale,,Shale,, 
TNMp;10,Major,Sedimentary,Clastic,Mudstone,Shale,,Shale,, 
TNMp;10,Minor,Sedimentary,Clastic,Siltstone,,,Siltstone,, 
TNMp;10,Incidental,Sedimentary,Clastic,Sandstone,,,Sandstone,, 
TNMp;12,Major,Sedimentary,Clastic,Mudstone,Shale,,Shale,, 
TNMp;12,Minor,Sedimentary,Clastic,Siltstone,,,Siltstone,, 
TNMp;12,Incidental,Sedimentary,Clastic,Sandstone,,,Sandstone,, 
TNMp;3,Major,Sedimentary,Clastic,Mudstone,Shale,,Shale,, 
TNMp;3,Major,Sedimentary,Clastic,Siltstone,,,Siltstone,, 
TNMp;3,Incidental,Sedimentary,Carbonate,Dolostone,,,Dolostone,, 
TNMp;3,Incidental,Sedimentary,Carbonate,Limestone,,,Limestone,,fragmental and oolitic limestone 
TNMp;8,Major,Sedimentary,Clastic,Mudstone,Shale,,Shale,, 
TNMp;8,Minor,Sedimentary,Clastic,Siltstone,,,Siltstone,, 
TNMp;8,Incidental,Sedimentary,Clastic,Sandstone,,,Sandstone,, 
TNMp;8,Minor,Sedimentary,Carbonate,Dolostone,,,Dolostone,, 
TNMp;8,Minor,Sedimentary,Carbonate,Limestone,,,Limestone,, 
TNMsg;3,Major,Sedimentary,Carbonate,Limestone,,,Limestone,, 
TNMsg;3,Minor,Sedimentary,Clastic,Sandstone,,,Sandstone,, 
TNMsg;3,Minor,Sedimentary,Clastic,Mudstone,Shale,,Shale,, 
TNMsw;2,Major,Unconsolidated,Fine-detrital,Clay,,,Clay,,chert gravel 
TNMsw;2,Major,Unconsolidated,Coarse-detrital,Gravel,,,Gravel,,chert nodules 
TNMsw;3,Major,Sedimentary,Carbonate,Limestone,,,Limestone,,"dolomitic and cherty, somewhat shaly "
TNMsw;3,Incidental,Sedimentary,Clastic,Mudstone,Shale,,Shale,,"dolomitic and cherty, somewhat shaly "
TNMsw;8,Major,Sedimentary,Carbonate,Limestone,,,Limestone,, 
TNMsw;8,Minor,Sedimentary,Clastic,Mudstone,Shale,,Shale,, 
TNO;2,Major,Sedimentary,Carbonate,Limestone,,,Limestone,, 
TNO;2,Minor,Sedimentary,Clastic,Mudstone,Shale,,Shale,, 
TNO;5,Minor,Sedimentary,Clastic,Mudstone,Shale,,Shale,, 
TNO;5,Major,Sedimentary,Carbonate,Limestone,,,Limestone,, 
TNOa;10,Incidental,Sedimentary,Carbonate,Limestone,,,Limestone,, 
TNOa;10,Major,Sedimentary,Clastic,Mudstone,Shale,,Shale,, 
TNOa;10,Minor,Sedimentary,Clastic,Sandstone,,,Sandstone,, 
TNOa;10,Minor,Sedimentary,Clastic,Siltstone,,,Siltstone,, 
TNOa;10,Incidental,Sedimentary,Clastic,Conglomerate,,,Conglomerate,, 
TNOa;14,Major,Sedimentary,Clastic,Mudstone,Shale,,Shale,, 
TNOa;14,Minor,Sedimentary,Clastic,Sandstone,,,Sandstone,, 
TNOa;14,Minor,Sedimentary,Clastic,Siltstone,,,Siltstone,, 
TNOa;14,Incidental,Sedimentary,Clastic,Conglomerate,,,Conglomerate,, 
TNOa;14,Incidental,Sedimentary,Carbonate,Limestone,,,Limestone,, 
TNOb;10,Incidental,Sedimentary,Clastic,Mudstone,Claystone,Bentonite,Bentonite,,metabentonite 
TNOb;10,Major,Sedimentary,Clastic,Siltstone,,,Siltstone,, 
TNOb;10,Incidental,Sedimentary,Clastic,Sandstone,,,Sandstone,, 
TNOb;10,Major,Sedimentary,Clastic,Mudstone,Claystone,,Claystone,, 
TNOb;14,Major,Sedimentary,Clastic,Mudstone,Claystone,,Claystone,, 
TNOb;14,Major,Sedimentary,Clastic,Siltstone,,,Siltstone,, 
TNOb;14,Incidental,Sedimentary,Clastic,Sandstone,,,Sandstone,, 
TNOb;14,Incidental,Sedimentary,Clastic,Mudstone,Claystone,Bentonite,Bentonite,, 
TNObh;6,Major,Sedimentary,Carbonate,Limestone,,,Limestone,, 
TNObh;6,Major,Sedimentary,Clastic,Sandstone,Arenite,Calcarenite,Calcarenite,, 
TNObh;6,Minor,Sedimentary,Clastic,Mudstone,Shale,,Shale,, 
TNObh;6,Incidental,Sedimentary,Carbonate,Limestone,Coquina,,Coquina,, 
TNObh;8,Major,Sedimentary,Carbonate,Limestone,,,Limestone,,locally nodular 
TNObh;8,Minor,Sedimentary,Clastic,Mudstone,Shale,,Shale,, 
TNObr;7,Minor,Sedimentary,Carbonate,Limestone,,,Limestone,, 
TNObr;7,Major,Tectonite,Cataclasite,,,,Cataclasite,, 
TNObr;9,Major,Tectonite,Cataclasite,,,,Cataclasite,, 
TNObr;9,Minor,Sedimentary,Carbonate,Limestone,,,Limestone,, 
TNObr;9,Minor,Sedimentary,Carbonate,Dolostone,,,Dolostone,, 
TNOc;10,Minor,Sedimentary,Carbonate,Limestone,,,Limestone,, 
TNOc;10,Major,Sedimentary,Carbonate,Dolostone,,,Dolostone,, 
TNOc;10,Incidental,Sedimentary,Clastic,Sandstone,,,Sandstone,,quartz sandstone beds at base 
TNOc;14,Major,Sedimentary,Carbonate,Dolostone,,,Dolostone,, 
TNOc;14,Minor,Sedimentary,Carbonate,Limestone,,,Limestone,, 
TNOc;14,Incidental,Sedimentary,Clastic,Sandstone,,,Sandstone,,quartz sandstone beds at base 
TNOca;6,Major,Sedimentary,Carbonate,Limestone,,,Limestone,, 
TNOca;6,Incidental,Sedimentary,Clastic,Mudstone,Claystone,Bentonite,Bentonite,, 
TNOca;8,Major,Sedimentary,Carbonate,Limestone,,,Limestone,, 
TNOca;8,Incidental,Sedimentary,Clastic,Mudstone,Claystone,Bentonite,Bentonite ,,
TNOCAk;10,Major,Sedimentary,Carbonate,Dolostone,,,Dolostone ,,
TNOCAk;10,Major,Sedimentary,Carbonate,Limestone,,,Limestone ,,
TNOCAk;13,Major,Sedimentary,Carbonate,Dolostone,,,Dolostone ,,
TNpCAm;15,Minor,Metamorphic,Metaigneous,Metaintrusive,Metagabbro,,Metagabbro,, 
TNpCAm;15,Major,Igneous,Plutonic,Granitic,Granite,,Granite,, 
TNpCAm;15,Incidental,Igneous,Plutonic,Dioritic,Diorite,,Diorite ,,
TNpCAm;15,Incidental,Igneous,Plutonic,Anorthosite,,,Anorthosite ,,
TNpCAm;15,Incidental,Igneous,Volcanic,Mafic-volcanic,Basalt,,Basalt ,,
TNpCAm;15,Minor,Metamorphic,Schist,,,,Schist ,,
TNpCAm;15,Minor,Metamorphic,Gneiss,,,,Gneiss ,,
TNpCAm;15,Incidental,Metamorphic,Migmatite,,,,Migmatite ,,
TNpCAo;15,Minor,Sedimentary,Clastic,Sandstone,,,Sandstone ,,
TNpCAo;15,Minor,Sedimentary,Clastic,Mudstone,Shale,,Shale ,,
TNpCAo;15,Minor,Sedimentary,Clastic,Siltstone,,,Siltstone ,,
TNpCAo;15,Minor,Sedimentary,Clastic,Conglomerate,,,Conglomerate ,,
TNpCAo;15,Minor,Metamorphic,Metasedimentary,Metaclastic,Slate,,Slate ,,
TNpCAo;15,Incidental,Metamorphic,Quartzite,,,,Quartzite ,,
TNpCAo;15,Incidental,Metamorphic,Metasedimentary,Metaclastic,Phyllite,,Phyllite ,,
TNpCAr;15,Major,Metamorphic,Gneiss,,,,Gneiss ,,
TNpCAr;15,Minor,Metamorphic,Migmatite,,,,Migmatite ,,
TNpCAr;15,Minor,Metamorphic,Schist,,,,Schist ,,
TNpCAr;15,Minor,Metamorphic,Amphibolite,,,,Amphibolite, ,
TNpCAr;15,Incidental,Igneous,Plutonic,Gabbroic,Gabbro,,Gabbro,Dike or sill ,
TNpCAr;15,Incidental,Igneous,Plutonic,Granitic,Granite,,Granite,Dike or sill ,
TNpCArb;15,Minor,Metamorphic,Metasedimentary,Metaclastic,Slate,,Slate, ,
TNpCArb;15,Minor,Sedimentary,Clastic,Conglomerate,,,Conglomerate, ,
TNpCArb;15,Major,Sedimentary,Clastic,Sandstone,,,Sandstone, ,
TNpCAs;15,Incidental,Metamorphic,Metasedimentary,Metaclastic,Slate,,Slate, ,
TNpCAs;15,Minor,Metamorphic,Metasedimentary,Metaclastic,Phyllite,,Phyllite, ,
TNpCAs;15,Minor,Metamorphic,Quartzite,,,,Quartzite, ,
TNpCAs;15,Minor,Sedimentary,Clastic,Sandstone,,,Sandstone, ,
TNpCAs;15,Minor,Sedimentary,Clastic,Sandstone,Arkose,,Arkose, ,
TNpCAs;15,Major,Sedimentary,Clastic,Siltstone,,,Siltstone, ,
TNpCAss;11,Major,Sedimentary,Clastic,Mudstone,Shale,,Shale, ,
TNpCAss;11,Minor,Sedimentary,Clastic,Sandstone,,,Sandstone, ,
TNpCAss;11,Minor,Sedimentary,Clastic,Conglomerate,,,Conglomerate, ,
TNpCAss;15,Major,Sedimentary,Clastic,Mudstone,Shale,,Shale, ,
TNpCAss;15,Minor,Sedimentary,Clastic,Sandstone,,,Sandstone ,,
TNpCAss;15,Minor,Sedimentary,Clastic,Conglomerate,,,Conglomerate ,,
TNpCAw;11,Major,Sedimentary,Clastic,Mudstone,Shale,,Shale ,,
TNpCAw;11,Minor,Sedimentary,Clastic,Sandstone,,,Sandstone ,,
TNpCAw;11,Minor,Sedimentary,Clastic,Conglomerate,,,Conglomerate ,,
TNpCAw;11,Minor,Sedimentary,Clastic,Siltstone,,,Siltstone ,,
TNpCAw;11,Incidental,Metamorphic,Quartzite,,,,Quartzite ,,
TNpCAw;11,Minor,Metamorphic,Metasedimentary,Metaclastic,Slate,,Slate ,,
TNpCAw;11,Incidental,Metamorphic,Metasedimentary,Metaclastic,Phyllite,,Phyllite ,,
TNpCAw;15,Incidental,Metamorphic,Metasedimentary,Metaclastic,Phyllite,,Phyllite ,,
TNpCAw;15,Incidental,Metamorphic,Quartzite,,,,Quartzite ,,
TNpCAw;15,Minor,Sedimentary,Clastic,Sandstone,,,Sandstone ,,
TNpCAw;15,Major,Sedimentary,Clastic,Mudstone,Shale,,Shale ,,
TNpCAw;15,Minor,Sedimentary,Clastic,Siltstone,,,Siltstone ,,
TNpCAw;15,Minor,Sedimentary,Clastic,Conglomerate,,,Conglomerate ,,
TNpCAw;15,Minor,Metamorphic,Metasedimentary,Metaclastic,Slate,,Slate ,,
TNQal;1,"Indeterminate, major",Unconsolidated,Coarse-detrital,Sand,,,Sand ,,
TNQal;1,"Indeterminate, major",Unconsolidated,Coarse-detrital,Gravel,,,Gravel ,,
TNQal;1,"Indeterminate, major",Unconsolidated,Fine-detrital,Clay,,,Clay ,,
TNQal;1,"Indeterminate, major",Unconsolidated,Fine-detrital,Silt,,,Silt ,,
TNQal;3,"Indeterminate, major",Unconsolidated,Coarse-detrital,Sand,,,Sand ,,
TNQal;3,"Indeterminate, major",Unconsolidated,Coarse-detrital,Gravel,,,Gravel ,,
TNQal;3,"Indeterminate, major",Unconsolidated,Fine-detrital,Clay,,,Clay ,,
TNQal;3,"Indeterminate, major",Unconsolidated,Fine-detrital,Silt,,,Silt ,,
TNQal;8,"Indeterminate, major",Unconsolidated,Coarse-detrital,Sand,,,Sand ,,
TNQal;8,"Indeterminate, major",Unconsolidated,Coarse-detrital,Gravel,,,Gravel ,,
TNQal;8,"Indeterminate, major",Unconsolidated,Fine-detrital,Clay,,,Clay ,,
TNQal;8,"Indeterminate, major",Unconsolidated,Fine-detrital,Silt,,,Silt ,,
TNQl;1,Major,Unconsolidated,Fine-detrital,Silt,,,Silt ,,
TNQT;1,"Indeterminate, major",Unconsolidated,Coarse-detrital,Gravel,,,Gravel ,,
TNQT;1,"Indeterminate, major",Unconsolidated,Coarse-detrital,Sand,,,Sand ,,
TNQT;1,"Indeterminate, major",Unconsolidated,Fine-detrital,Silt,,,Silt ,,
TNQT;1,"Indeterminate, major",Unconsolidated,Fine-detrital,Clay,,,Clay,, 
TNQT;3,"Indeterminate, major",Unconsolidated,Fine-detrital,Silt,,,Silt,, 
TNQT;3,"Indeterminate, major",Unconsolidated,Fine-detrital,Clay,,,Clay,, 
TNQT;3,"Indeterminate, major",Unconsolidated,Coarse-detrital,Gravel,,,Gravel,, 
TNQT;3,"Indeterminate, major",Unconsolidated,Coarse-detrital,Sand,,,Sand,, 
TNS;2,Major,Sedimentary,Carbonate,Limestone,,,Limestone,, 
TNS;2,Minor,Sedimentary,Clastic,Mudstone,Shale,,Shale,, 
TNS;2,Minor,Sedimentary,Clastic,Mudstone,,,Mudstone,, 
TNS;4,Major,Sedimentary,Carbonate,Limestone,,,Limestone,, 
TNS;4,Minor,Sedimentary,Clastic,Mudstone,Shale,,Shale,, 
TNS;4,Minor,Sedimentary,Clastic,Mudstone,,,Mudstone,, 
TNS;8,Major,Sedimentary,Carbonate,Limestone,,,Limestone,,locally dolomitic 
TNS;8,Major,Sedimentary,Clastic,Mudstone,Shale,,Shale,, 